title,table_name,identifier_column,identifier_value,target_audiance
The Circle of Giving,bytes_rows.csv,source_id,46815ad3-ff00-4c14-82cd-ddc14dd3670e,"This content is optimized for those aged **26-35 years, 36-50 years, and 50+ years**, and is **universally applicable and not gender-specific**, making it **relevant for any relationship status** and **relevant for individuals with or without kids**. Readers are currently focused on cultivating growth, driven by a desire to **improve my relationships**, **grow and be my best self**, and **love learning new things**, primarily motivated by **discovering who I really am**, **being a better friend/partner/parent**, and **making better life choices**. This individual relates to the world by being **driven by values, emotion, and doing what's right**, while also appreciating the ability to **love exploring new ideas and envision future possibilities**. The material is ideally consumed in **5 min – Quick insight & reflection** or **10 min – A daily story + learning**, appealing to those whose preferred learning style is **deep thinking and reflection**."
Be the Source of Connection,bytes_rows.csv,source_id,1727ebfe-d9ea-45d3-b9e4-f48370299e3a,"This reflective content is suitable for all age groups, is universally applicable and not gender-specific, and remains relevant for any relationship status and for individuals with or without kids. The target audience is focused on personal development, stating, ""I want to improve my relationships,"" ""I want to grow and be my best self,"" and ""I just love learning new things."" They are motivated by discovering who I really am, being a better friend/partner/parent, and making better life choices. They are philosophically engaged, driven by values, emotion, and do what's right, and enjoy exploring new ideas and envisioning future possibilities. Designed for a quick engagement, the piece requires only 5 min – Quick insight & reflection, appealing strongly to those who love deep thinking and reflection."
Understanding Entropy in Relationships,bytes_rows.csv,source_id,f2892d71-656f-4ce4-930f-ab0df081ad19,"This content is best suited for individuals aged **26-35 years, 36-50 years, and 50+ years**, is **universally applicable and not gender-specific**, and is relevant for **any relationship status** and for **individuals with or without kids**. The ideal reader is seeking to **improve their relationships, grow and be their best self, and just loves learning new things**, driven primarily by the need for **discovering who they really are, being a better friend/partner/parent, and finding direction and purpose**. They engage with the material by focusing on **logic, analysis, and planning**, yet are also **driven by values, emotion, and doing what is right**, while loving **exploring new ideas and envision future possibilities**. They should dedicate time equivalent to **10 min – A daily story + learning** or **15+ min – Deep dive into wisdom**, as this content is perfectly aligned with those who **love deep thinking and reflection**."
Custodians of Growth,bytes_rows.csv,source_id,0d5a12fc-6a25-4d21-be10-c232b2f25b22,"This content is highly relevant for the 26-35 years, 36-50 years, and 50+ years age groups, specifically tailored for those who answered Yes to having kids. It is universally applicable and not gender-specific, and relevant for any relationship status. The reader's current focus revolves around wanting to improve their relationships, seeking clarity about their life or career, desiring to grow and be their best self, and simply loving learning new things. They are primarily motivated by being a better friend/partner/parent, finding direction and purpose, and making better life choices for their family. This audience self-identifies as being driven by values, emotion, and doing what's right, coupled with a preference for deep thinking and reflection. They look for quick insight & reflection or a daily story + learning (5-10 minutes) and prefer a learning style centered on deep thinking and reflection."
Reconnect with the Planet,bytes_rows.csv,source_id,92e60da2-0440-433c-809c-ae5c3c8d605a,"This profile is primarily suited for the **26-35 years, 36-50 years, and 50+ years** age groups, being **universally applicable and not gender-specific** and **relevant for any relationship status** and **relevant for individuals with or without kids**. Readers are currently motivated by the desire to **feel more calm and balanced**, to **grow and be my best self**, and are **just exploring** philosophical concepts, driven by the need for **finding direction and purpose**, **discovering who I really am**, and **making better life choices**. They connect with the content because **I'm driven by values, emotion, and do what's right** and **I love exploring new ideas and envision future possibilities**. The learning experience requires a blend of **5 min – Quick insight & reflection** and **15+ min – Deep dive into wisdom**, catering to those who specifically value the learning style of **I love deep thinking and reflection**."
Seeing with Heart,bytes_rows.csv,source_id,50663491-0c41-4651-9f99-9e7b42e259fd,"This content is suitable for age groups **26-35 years** and **36-50 years**, is **universally applicable and not gender-specific**, and is **relevant for any relationship status** and **for individuals with or without kids**. The ideal reader is currently seeking to feel **more calm and balanced**, **improve their relationships**, **grow and be their best self**, and **just loves learning new things**. They are motivated by **feeling peaceful inside**, **discovering who they really am**, and **being a better friend/partner/parent**. They relate strongly to being **driven by values, emotion, and doing what's right** and **love exploring new ideas and envision future possibilities**. The practice encourages spending **5 min – Quick insight & reflection** or **10 min – A daily story + learning**, and the learning style best suited is **I love deep thinking and reflection**."
Healing Through Connection,bytes_rows.csv,source_id,040eebb9-e6a6-49db-90a4-1bc8a54b2455,"This content is highly relevant for the **26-35 years, 36-50 years, and 50+ years** age groups and is **universally applicable and not gender-specific**, making it **relevant for any relationship status** and **for individuals with or without kids**. The audience is primarily focused on emotional and relational growth, driven by desires such as **I want to feel more calm and balanced, I want to improve my relationships, I want to grow and be my best self, and I just love learning new things**. Motivation stems from the desire for inner progress, specifically **Feeling peaceful inside, Discovering who I really am, Being a better friend/partner/parent, Finding direction and purpose, and Making better life choices**. This profile appeals deeply to individuals who identify as **driven by values, emotion, and do what's right** while also recognizing practicality, noting **I concentrate on details, facts, and believe in practicality**. The ideal time commitment is flexible, suitable for **5 min – Quick insight & reflection** or **10 min – A daily story + learning**, aligning with a learning style that prioritizes **I love deep thinking and reflection** combined with the practical need to **Just show me what works**."
The Wisdom Bridge,summaries_rows.csv,id,43a719d1-b700-44c8-8176-695050ce0287,"This content is primarily targeted at individuals in the **26-35 years** and **36-50 years** age groups who have kids (`Yes`) or are planning a family, and is **universally applicable and not gender-specific** and **relevant for any relationship status**. The ideal reader is currently seeking to **feel more calm and balanced**, **improve their relationships**, and **grow and be their best self** by **being a better friend/partner/parent** and **finding direction and purpose**. They are motivated by the goal of **achieving their goals with less stress** and **making better life choices**, driven strongly by values and emotion, asserting `I'm driven by values, emotion, and do what's right`, while simultaneously enjoying exploring new ideas and envisioning future possibilities. This audience will benefit most from content designed for **15+ min – Deep dive into wisdom**, aligning with a learning style characterized by **deep thinking and reflection** required to internalize its character-first approach."
How to Win Friends and Influence People,summaries_rows.csv,id,9beb8c1d-6883-41ad-a925-abe5af03d5dc,"This profile is suitable for all age groups, specifically resonating with individuals 26-50+ years, is universally applicable and not gender-specific, and relevant for any relationship status and individuals with or without kids. The reader is currently focused on aspirations such as wanting to improve their relationships, gain clarity about their life or career, grow and be their best self, and just love learning new things. Their primary motivation is achieving their goals with less stress, being a better friend/partner/parent, finding direction and purpose, and making better life choices. They relate to the world by being driven by values, emotion, and doing what is right, alongside concentrating on details, facts, and believing in practicality. The material requires a commitment of 15+ min for a deep dive into wisdom, appealing to a learning style characterized by a desire for deep thinking and reflection, combined with a need to be shown what works."
Designing Destiny,summaries_rows.csv,id,c4849c39-d9bd-4072-ba4b-d7ebc057b52d,"This content is optimally targeted toward adults in the age groups of 26-35 years, 36-50 years, and 50+ years, and is universally applicable and not gender-specific, making it relevant for any relationship status and for individuals with or without kids. The primary focuses of this profile are individuals driven by the desire to feel more calm and balanced, seeking clarity about their life or career, wanting to grow and be their best self, and who just love learning new things. Motivation stems from a deep need for feeling peaceful inside, discovering who I really am, finding direction and purpose, and making better life choices. The reader tends to relate most strongly by affirming ""I'm driven by values, emotion, and do what's right"" and ""I love exploring new ideas and envision future possibilities."" This journey necessitates a time commitment of 15+ min – Deep dive into wisdom, aligning perfectly with a learning style characterized by ""I love deep thinking and reflection."""
Distraction to Focus,journeys_rows.csv,id,58e91f4b-a572-522d-909b-ccc65ddb9d49,"This content is ideally suited for the **26-35 years** and **36-50 years** age groups, is **universally applicable and not gender-specific**, **relevant for any relationship status**, and **relevant for individuals with or without kids**. The user is currently seeking to address feelings of distraction because **I want to feel more calm and balanced**, **I want clarity about my life or career**, **I want to grow and be my best self**, and **I just love learning new things**. Their primary motivation is **Feeling peaceful inside**, **Discovering who I really am**, **Finding direction and purpose**, and **Making better life choices**. Cognitively, they are defined by the traits **I'm driven by values, emotion, and do what's right** and **I love exploring new ideas and envision future possibilities**. They are prepared to dedicate time, seeking both **10 min – A daily story + learning** and **15+ min – Deep dive into wisdom**, preferring the learning style **I love deep thinking and reflection** to achieve sustained inner clarity."
Every Second Counts,bytes_rows.csv,source_id,fa86e29f-8020-4c56-be6a-14de5bb2d58e,"This content is suitable for all age groups, universally applicable and not gender-specific, and relevant for any relationship status or for individuals with or without kids. The ideal audience is someone who wants clarity about their life or career, aims to grow and be their best self, and just loves learning new things, motivated primarily by achieving their goals with less stress, finding direction and purpose, and making better life choices. This person relates by focusing on logic, analysis, and planning, concentrating on details, facts, and believing in practicality, and loves exploring new ideas and envisioning future possibilities. The material is optimized for 5 min – Quick insight & reflection and is best consumed by those whose preferred learning style is to love deep thinking and reflection."
Career Character Matters,bytes_rows.csv,source_id,d104220f-2003-4618-9076-5f4594460a47,"This content is designed for the `26-35 years` and `36-50 years` age groups, and is `universally applicable and not gender-specific`, making it `relevant for any relationship status` and `relevant for individuals with or without kids`. The ideal audience is someone whose primary thoughts revolve around achieving `clarity about their life or career`, striving to `grow and be their best self`, and believing that they `just love learning new things`, motivated primarily by `achieving their goals with less stress`, `discovering who they really are`, `finding direction and purpose`, and `making better life choices`. They relate most strongly to being `driven by values, emotion, and doing what's right`, while also loving `exploring new ideas and envisioning future possibilities`. This content requires only `5 min – Quick insight & reflection` or `10 min – A daily story + learning`, aligning perfectly with the reader who prefers the learning style of `deep thinking and reflection`."
Deep Work,summaries_rows.csv,id,d9af6689-8599-43e7-8c29-637739bd4daf,"This content is suitable for all age groups, particularly ambitious professionals and students, and is universally applicable and not gender-specific, making it relevant for any relationship status and for individuals with or without kids. The ideal reader is currently seeking to grow and be their best self, wants clarity about their life or career, and is motivated by achieving goals with less stress and finding direction and purpose. This individual thrives because they focus on logic, analysis, and planning and concentrate on details, facts, and believe in practicality. They are looking for a 15+ min deep dive into wisdom and prefer a learning style characterized by deep thinking and reflection on complex, structured strategies."
Essentialism,summaries_rows.csv,id,24967f78-2309-4bc4-9e98-bfe84c10b265,"This content is highly applicable to the **26-35 years** and **36-50 years** age groups, while being **universally applicable and not gender-specific** and **relevant for any relationship status** and **relevant for individuals with or without kids**. The ideal reader is currently seeking **clarity about my life or career**, aspiring to **grow and be my best self**, and often simply **just love learning new things**. They are motivated by **finding direction and purpose**, **achieving my goals with less stress**, and **making better life choices**. Their cognitive approach is comprehensive, incorporating both **logic, analysis, and planning** and being **driven by values, emotion, and do what's right**, balanced with a love for **exploring new ideas and envision future possibilities**. Engagement requires a dedicated commitment of **15+ min – Deep dive into wisdom**, appealing strongly to those who **love deep thinking and reflection**."
So Good They Can't Ignore You,summaries_rows.csv,id,dbfc5ca7-52bc-4f66-af6e-d04484a4abc1,"This career strategy content is suitable for age groups 16-25 years, 26-35 years, and 36-50 years, and is universally applicable and not gender-specific, making it relevant for any relationship status and individuals with or without kids. The primary focus for the reader is obtaining clarity about their life or career, growing to be their best self, and loving learning new things, driven by the motivation to achieve goals with less stress, find direction and purpose, and make better life choices. The ideal audience relates to focusing on logic, analysis, and planning, concentrating on details, facts, and practicality, while still enjoying exploring new ideas and envisioning future possibilities. They are looking for quick insight and reflection but are prepared for a 15+ min deep dive into wisdom, preferring a learning style that is step by step, going slow and steady, and centered on deep thinking and reflection."
Start With Why,summaries_rows.csv,id,b5a048cc-654f-48d7-a41f-6bdcc0d10753,"This content is suitable for all age groups, universally applicable and not gender-specific, and relevant for any relationship status and for individuals with or without kids. The ideal reader is currently seeking clarity about their life or career, aiming to grow and be their best self, and motivated by discovering who they really are, finding direction and purpose, and achieving their goals with less stress. They are driven by values, emotion, and doing what's right, while also appreciating the need to focus on logic, analysis, and planning, as they love exploring new ideas and envision future possibilities. This comprehensive material is best consumed via a 15+ min – Deep dive into wisdom learning session, appealing directly to those whose learning style is characterized by deep thinking and reflection."
Drive: The Surprising Truth About What Motivates Us,summaries_rows.csv,id,13ced9d5-82c3-4224-88f8-6ec61702a1fd,"This semantic profile targets individuals in the **26-35 years** and **36-50 years** age groups. It is **universally applicable and not gender-specific**, and **relevant for any relationship status** and **relevant for individuals with or without kids**. The ideal user is currently seeking **clarity about their life or career**, aiming to **grow and be their best self**, and **just loves learning new things**. They are principally motivated by **achieving my goals with less stress**, **discovering who I really am**, **finding direction and purpose**, and **making better life choices**. Cognitively, the content appeals to those who **focus on logic, analysis, and planning** while also **loving exploring new ideas and envision future possibilities**. This **deep dive into wisdom** requires **15+ min** of focused engagement daily, satisfying a learning style centered on **deep thinking and reflection**."
The Circadian Code,summaries_rows.csv,id,5761e17c-dd45-42e8-9600-49486f1fd811,"This content is suitable for all age groups, universally applicable and not gender-specific, and relevant for any relationship status and for individuals with or without kids. The ideal reader is someone who currently has on their mind: I want to feel more calm and balanced, I want clarity about my life or career, I want to grow and be my best self, and I just love learning new things. They are motivated primarily by Achieving my goals with less stress, Finding direction and purpose, and Making better life choices. Regarding their approach to information, they identify with traits such as I focus on logic, analysis, and planning, I concentrate on details, facts, and believe in practicality, and I love exploring new ideas and envision future possibilities. Given the scientific depth and requirement for structured habit formation, the recommended daily time investment is 15+ min – Deep dive into wisdom, matching the preferred learning style of Step by step, I like going slow and steady combined with I love deep thinking and reflection."
Atomic Habits,summaries_rows.csv,id,32b234ff-b9cb-4f14-b896-ee2d7c7c4eeb,"This content is suitable for all age groups, particularly focused on individuals in the 26-50 years bracket, and is universally applicable and not gender-specific, making it relevant for any relationship status and for individuals with or without kids. The ideal reader is seeking deep self-improvement, motivated by a desire to gain clarity about their life or career, grow and be their best self, and just loves learning new things. These readers are motivated by achieving their goals with less stress, finding direction and purpose, and making better life choices. They relate strongly to analytical thinking, stating, ""I focus on logic, analysis, and planning,"" ""I concentrate on details, facts, and believe in practicality,"" and ""I love exploring new ideas and envision future possibilities."" This material is designed for sustained engagement, requiring 10 min – A daily story + learning or 15+ min – Deep dive into wisdom for effective application, catering best to those who prefer a ""Step by step, I like going slow and steady"" and ""Just show me what works"" learning style."
