created_at,user_id,content_id,content_type,updated_at,id
2025-10-13 14:44:05.726+00,72f73ae3-4643-4f41-bf48-159128e21dfd,ed364aba-85e7-44fd-801d-499307199b5f,journey,2025-10-13 14:44:05.726+00,04d3e3a8-8eee-44b7-a99a-e4018db60a53
2025-10-04 08:00:46.664+00,0a9b8b4f-b193-434d-a171-0dbb35e75fd2,a3a943ba-0df0-4645-9019-a05abdd2b030,summary,2025-10-04 08:00:46.664+00,04e338ca-b61c-4dbd-bd96-3651281c3015
2025-09-28 22:30:49.652+00,a5a412b5-7ff4-4ed7-9c77-2dba1ec510f2,2b596717-2692-44b6-a768-5339499c4490,summary,2025-09-28 22:30:49.652+00,0540005d-af38-4916-b4cc-5a0d597786b1
2025-09-28 00:27:32.28+00,acd509aa-b110-4d13-9f30-b42e28e325be,32b234ff-b9cb-4f14-b896-ee2d7c7c4eeb,summary,2025-09-28 00:27:32.28+00,07d60525-3a9d-46d9-b6de-a2eb0c06c2ea
2025-09-30 12:53:18.212+00,5df84569-d1b8-4fb6-804d-e5248d00e953,77f3e47f-acf5-4934-b421-d21a394d90d7,byte,2025-09-30 12:53:18.212+00,07f4a294-0ca0-4ce5-9fa5-b4b29f0634f8
2025-09-29 11:13:09.623+00,5a14afe1-f38f-4240-8a26-5b8f4d0fa528,16d1baef-8193-4e05-a831-6e389afc66d4,summary,2025-09-29 11:13:09.623+00,0807263d-f4cc-4c54-8339-cd46ddd89715
2025-09-28 00:21:13.366+00,acd509aa-b110-4d13-9f30-b42e28e325be,de7e99a1-6e3c-4f45-9293-67e0f5a0f945,summary,2025-09-28 00:21:13.366+00,0a1a48ea-0a32-49bb-99d2-d51f886ed840
2025-10-04 15:41:34.431+00,27658c94-e3f0-4c96-9fd7-1a8d812f6fe6,b2678c2e-0855-4a7b-810c-6bb043a69d3d,byte,2025-10-04 15:41:34.431+00,0a49493e-90aa-47c5-b019-17be37aac2d6
2025-10-15 08:07:54.975+00,5df84569-d1b8-4fb6-804d-e5248d00e953,2b596717-2692-44b6-a768-5339499c4490,summary,2025-10-15 08:07:54.975+00,0a6263e6-dd42-4861-8fc1-c0bd227d3ef2
2025-09-27 19:13:56.333+00,7a719ed0-2e2d-4a9d-821e-81e37a64ec49,2610c709-8108-4e18-aca5-a71b6e8e9fc3,summary,2025-09-27 19:13:56.333+00,0a905fd9-5816-453b-adb1-2aa261222aa7
2025-10-21 14:02:20.168+00,9d0106e6-d3a3-4f9c-9d21-60903973a907,43a719d1-b700-44c8-8176-695050ce0287,summary,2025-10-21 14:02:20.168+00,0afc4b6c-061f-496f-bcab-f1c2b70ca2f9
2025-09-27 10:53:02.484+00,36ef059d-db40-420e-ae9b-0c3ae5b541ab,43a719d1-b700-44c8-8176-695050ce0287,summary,2025-09-27 10:53:02.484+00,0b4fd3ce-65ee-4be0-b95b-9c33c419bfaf
2025-09-30 22:08:58.737+00,d51f312d-a0d9-480a-bc7c-8a56b0e1832b,defc4266-1eef-4756-b61c-01836d89b08b,journey,2025-09-30 22:08:58.737+00,0b83ccd7-9d11-4793-b068-047c25a19c33
2025-10-14 09:35:00.409+00,52fd8b7f-c15e-470a-906b-57a69347da0d,66f37121-0a17-40ba-8afa-8021843793c4,summary,2025-10-14 09:35:00.409+00,0c2fb9e0-b495-4914-b994-f520f656cceb
2025-09-30 20:55:34.016+00,2955421c-8935-4e53-b322-f8cd98bd5b3e,defc4266-1eef-4756-b61c-01836d89b08b,journey,2025-09-30 20:55:34.016+00,0cc178d8-0610-4155-9d2e-097c108e9ab7
2025-10-03 20:59:56.673+00,be8f50d8-b5da-45a8-bfef-bbb459a1ca34,eccd5eea-869a-4022-8d9e-30c78e0b3a72,summary,2025-10-03 20:59:56.673+00,0d5ea890-b2d8-46e4-bc05-14bfbadf77d0
2025-09-28 12:41:02.38+00,a5a412b5-7ff4-4ed7-9c77-2dba1ec510f2,43a719d1-b700-44c8-8176-695050ce0287,summary,2025-09-28 12:41:02.38+00,0e0ffdec-e556-4a1f-b55d-82706c325a20
2025-09-30 20:12:00.829+00,175a268b-313c-49ff-a8dc-a74ea11abe9c,7193e067-4af0-45b8-a1b2-ae7a6b9307d4,summary,2025-09-30 20:12:00.829+00,0ec491e8-70e5-4525-917f-0c5a56ee5484
2025-10-02 18:48:46.224+00,88a80c38-2e12-4dd6-9804-71cf02548cf9,b50e0d58-5ac0-427a-a4de-4b387c1c05b1,summary,2025-10-02 18:48:46.224+00,0ee0cf7c-2335-4f34-bb13-95dbbbb20ce3
2025-09-27 15:01:30.417+00,9c70a2c6-484d-42e7-9390-fc4932cfeb22,89354efe-b8bc-477a-b9ba-74a8e5c6a7a1,summary,2025-09-27 15:01:30.417+00,0fe83c78-1905-4dcb-9838-fedebd34ff95
2025-09-29 13:24:20.382+00,c53526da-1139-4d14-bf5f-be7b7354f82d,b50e0d58-5ac0-427a-a4de-4b387c1c05b1,summary,2025-09-29 13:24:20.382+00,1136b8e7-221b-474e-adc2-6bd0738d6cca
2025-09-27 19:13:54.581+00,7a719ed0-2e2d-4a9d-821e-81e37a64ec49,4e9f1799-8847-4fe5-9310-d01ffe5dd2c0,summary,2025-09-27 19:13:54.581+00,11769dd6-f34a-4583-89ea-482858077f66
2025-10-27 10:40:14.898+00,3d26a1df-3998-4e9b-8dd0-e6dd83dab412,aec0c8f9-b75a-4edc-8e60-dd7b9e92bcea,summary,2025-10-27 10:40:14.898+00,1209720b-dac5-4042-823e-f7113f051834
2025-09-30 20:32:42.509+00,83ac4d45-6f4a-4f8c-a3b0-e3284db81e78,ed364aba-85e7-44fd-801d-499307199b5f,journey,2025-09-30 20:32:42.509+00,12e01226-354b-4378-9787-c6913db243ed
2025-09-27 19:14:01.471+00,7a719ed0-2e2d-4a9d-821e-81e37a64ec49,7ea24f8e-ccaf-4881-9231-b0c9597ad808,summary,2025-09-27 19:14:01.471+00,12fe6fdb-5ef1-445d-a5b7-b04002d0769f
2025-09-28 00:21:02.063+00,acd509aa-b110-4d13-9f30-b42e28e325be,e36c801c-9ffb-4a8e-8c64-e3c114612c5d,summary,2025-09-28 00:21:02.063+00,133ba987-fb90-49dc-92fe-4f52897bc024
2025-09-30 12:58:19.702+00,5df84569-d1b8-4fb6-804d-e5248d00e953,59218631-e747-444e-b35d-c74b250f3a55,byte,2025-09-30 12:58:19.702+00,14bf8232-2bd4-4321-be64-27d38b801dab
2025-10-14 09:33:33.183+00,52fd8b7f-c15e-470a-906b-57a69347da0d,aec0c8f9-b75a-4edc-8e60-dd7b9e92bcea,summary,2025-10-14 09:33:33.183+00,169d19a1-7b82-445e-a889-b7d07b9c3614
2025-09-28 12:13:34.153+00,250466e7-2be8-4a0a-b05f-64545c3a3bd1,b2678c2e-0855-4a7b-810c-6bb043a69d3d,byte,2025-09-28 12:13:34.153+00,17a33347-4e5e-4629-a349-b22fb6e7f402
2025-09-28 00:30:12.911+00,acd509aa-b110-4d13-9f30-b42e28e325be,bad86d41-0eb8-4590-a4e9-501bf7745d08,summary,2025-09-28 00:30:12.911+00,18de8068-bd98-46dc-8caa-0109197b63e2
2025-10-05 04:47:50.406+00,f2e25418-8a3e-4302-8881-00817940e10b,2b596717-2692-44b6-a768-5339499c4490,summary,2025-10-05 04:47:50.406+00,1a347b05-a97d-4543-89a2-1024ae05af6c
2025-10-05 17:35:48.868+00,ee28153a-d4f8-4510-9e82-b418576bce3b,defc4266-1eef-4756-b61c-01836d89b08b,journey,2025-10-05 17:35:48.868+00,1a59b7ac-50ef-4577-b2b6-e442eb842708
2025-09-29 16:24:31.659+00,bb01618f-9041-4bf8-b357-d4e72db02536,3bf7254b-f2c6-4d5d-854f-67bc3c6bcca7,summary,2025-09-29 16:24:31.659+00,1a5f31ae-2901-4b86-b62b-5daebc749967
2025-10-13 09:13:15.030643+00,c9324c15-0fbb-4e75-bdbb-3b5961ceff1f,ffef9923-95a8-41e3-859c-61e2f3c6c441,byte,2025-10-13 09:13:15.030643+00,1d8375bf-f72e-4f41-9477-7b66db4d8859
2025-10-01 10:26:20.086+00,913d23a9-a50f-4b10-98fd-6d9a908a64ed,aafc6228-83cb-46a8-9447-9701c489de8a,summary,2025-10-01 10:26:20.086+00,1f5a2ca5-6b19-4e56-8d84-97362232e9f0
2025-09-28 00:27:51.199+00,acd509aa-b110-4d13-9f30-b42e28e325be,9dbcb20a-e38e-4388-b8b6-f431c12705e0,summary,2025-09-28 00:27:51.199+00,20beb9fc-cb6e-4354-b357-31b7160956ef
2025-09-27 19:14:34.68+00,7a719ed0-2e2d-4a9d-821e-81e37a64ec49,87d560d7-3946-44df-8415-44b6e9d8a1fd,summary,2025-09-27 19:14:34.68+00,20c3d367-4445-4f82-8cff-cbc24566dcda
2025-10-13 17:33:30.486+00,e9e3298e-9838-4e11-88ab-20c645c7ddb7,defc4266-1eef-4756-b61c-01836d89b08b,journey,2025-10-13 17:33:30.486+00,21aa9133-423d-4de9-80ca-f95d688bf859
2025-09-27 13:18:14.845+00,b6e2e0c5-4746-4879-ad27-94758c153de3,43a719d1-b700-44c8-8176-695050ce0287,summary,2025-09-27 13:18:14.845+00,21e01253-4e6f-49ae-99ab-3cd9663bd034
2025-09-29 11:13:33.538+00,5a14afe1-f38f-4240-8a26-5b8f4d0fa528,fc504004-08f5-429a-9693-5b93a8f95015,summary,2025-09-29 11:13:33.538+00,2765e3d7-8c98-419a-9a16-3c85f6e9b58e
2025-09-27 19:14:39.557+00,7a719ed0-2e2d-4a9d-821e-81e37a64ec49,b05f8d22-08e0-4744-91be-6c45e684d2fa,summary,2025-09-27 19:14:39.557+00,27d128af-c3e1-4fd1-a9f8-92a06e526b8b
2025-09-28 10:33:51.237+00,8b64432f-befa-4e38-bb61-428e67c4339f,43a719d1-b700-44c8-8176-695050ce0287,summary,2025-09-28 10:33:51.237+00,289c2709-9d22-4917-950d-5e0be9ba6e5a
2025-09-28 21:41:52.208+00,98a20b57-7c14-4344-878d-7be053e7df90,085b1002-d315-5f5a-bd9e-b0e63e119c6f,journey,2025-09-28 21:41:52.208+00,28f6d638-caa1-4953-89c5-f3a204a70a47
2025-09-28 23:25:15.665+00,0a3848ab-a5d1-47a0-8748-aa8f695c7ef0,701daffb-6b59-4b3d-a957-27cc4ecf302a,summary,2025-09-28 23:25:15.665+00,2c4552b4-696b-40b7-bf48-a8d398f37d0a
2025-09-28 08:26:20.408+00,b1771937-8bae-4b99-9347-74be415138d0,4e9f1799-8847-4fe5-9310-d01ffe5dd2c0,summary,2025-09-28 08:26:20.408+00,2c6af809-e008-4363-9186-4dc2a6aab42d
2025-10-01 11:51:11.566+00,5df84569-d1b8-4fb6-804d-e5248d00e953,aec0c8f9-b75a-4edc-8e60-dd7b9e92bcea,summary,2025-10-01 11:51:11.566+00,2f64fa6c-05e3-4208-ae4b-a3da095b6596
2025-09-29 20:21:35.846+00,bdcd44f3-1d18-408c-b1f3-5caa583f42fa,be2ad415-2f72-4399-a701-7b0b641fac5c,byte,2025-09-29 20:21:35.846+00,2fdf5740-1974-485a-9be0-f826a2c3485f
2025-10-03 20:59:36.24+00,be8f50d8-b5da-45a8-bfef-bbb459a1ca34,f61cd80f-91b8-4a48-af4c-195a37ac1e28,summary,2025-10-03 20:59:36.24+00,319e5060-d46f-4653-9e6d-2baf739937a9
2025-09-29 17:31:26.062+00,573b3327-fc69-4ce5-b4e8-7df079a4f544,43a719d1-b700-44c8-8176-695050ce0287,summary,2025-09-29 17:31:26.062+00,322f5e0c-5ce4-4ea0-a24e-a20e7e00b566
2025-09-27 19:14:38.02+00,7a719ed0-2e2d-4a9d-821e-81e37a64ec49,f33c7ac5-2da8-4547-908b-da3d4dbb9b26,summary,2025-09-27 19:14:38.02+00,33eacfa5-596f-4516-b5ea-0a36d924bd74
2025-09-30 20:10:01.741+00,175a268b-313c-49ff-a8dc-a74ea11abe9c,25811f23-9b99-407f-96fd-1bf9b08a483d,summary,2025-09-30 20:10:01.741+00,34baa4cb-ae71-4c5c-ac62-9e4efa1ac270
2025-10-12 16:55:22.275+00,8b81f2d9-9eda-4a65-9e74-aec94dc17dd6,2b596717-2692-44b6-a768-5339499c4490,summary,2025-10-12 16:55:22.275+00,35ce8654-f35d-449b-a0ed-c1635decbf8a
2025-09-29 11:13:30.789+00,5a14afe1-f38f-4240-8a26-5b8f4d0fa528,87d560d7-3946-44df-8415-44b6e9d8a1fd,summary,2025-09-29 11:13:30.789+00,364f9e2a-b385-43cf-a991-b176394a0d66
2025-10-04 06:26:29.856+00,83815893-de20-4396-9f6f-dc7dbce88f8f,defc4266-1eef-4756-b61c-01836d89b08b,journey,2025-10-04 06:26:29.856+00,38528637-2b15-4b02-b18a-705024a26fcf
2025-10-03 19:55:54.58+00,cd19f12f-4a0c-4004-9573-fcae53272e15,6e8f711a-b1a8-5d02-a0e8-7aef99360e7c,journey,2025-10-03 19:55:54.58+00,387bf148-e36a-429c-bd17-acd3fd397024
2025-10-05 05:14:01.89+00,ee28153a-d4f8-4510-9e82-b418576bce3b,d104220f-2003-4618-9076-5f4594460a47,byte,2025-10-05 05:14:01.89+00,3ad2da34-9db2-465e-8524-32e7b3b370e9
2025-09-29 11:12:25.335+00,5a14afe1-f38f-4240-8a26-5b8f4d0fa528,a3a943ba-0df0-4645-9019-a05abdd2b030,summary,2025-09-29 11:12:25.335+00,3f46daf7-bbdf-4304-aa16-3a67faacbb2f
2025-10-14 10:53:30.794+00,05792acd-f0e8-4675-ace8-6b3d4a4e4ba7,2b596717-2692-44b6-a768-5339499c4490,summary,2025-10-14 10:53:30.794+00,3f577483-22d3-4de4-af7a-c7bc4c96e103
2025-09-27 21:57:13.094+00,c22c498b-f78c-4a9e-a755-730738be189d,4e9f1799-8847-4fe5-9310-d01ffe5dd2c0,summary,2025-09-27 21:57:13.094+00,40a10070-9d20-41b4-a136-cd98cb6ec2fa
2025-10-03 20:57:14.616+00,be8f50d8-b5da-45a8-bfef-bbb459a1ca34,a3a943ba-0df0-4645-9019-a05abdd2b030,summary,2025-10-03 20:57:14.616+00,4218937e-a03d-49a3-9858-e72e122b1935
2025-10-05 17:37:22.229+00,ee28153a-d4f8-4510-9e82-b418576bce3b,701daffb-6b59-4b3d-a957-27cc4ecf302a,summary,2025-10-05 17:37:22.229+00,42f691c6-4e25-4ebc-8bae-6965ef5d0358
2025-10-07 11:47:17.406+00,f8387438-7bae-4fe4-940a-1cb47f94139a,d2740fc2-7a70-45bc-9b0d-a9a517062b62,byte,2025-10-07 11:47:17.406+00,441c8e94-2ce1-4e56-a194-b0710cffcf54
2025-10-02 09:28:43.025+00,66ff7fc6-afce-48fa-8e85-018e3300fe13,7ea24f8e-ccaf-4881-9231-b0c9597ad808,summary,2025-10-02 09:28:43.025+00,44222164-0c8b-4ba9-a17d-8a528f2d8f9f
2025-09-30 17:15:43.715+00,3a6594ca-388b-42d8-94c5-2f1c5ff42c9f,2b596717-2692-44b6-a768-5339499c4490,summary,2025-09-30 17:15:43.715+00,4434c99f-8396-4dca-b7c4-b1ca6f172ef1
2025-09-30 19:34:33.605+00,e2d7a9b6-c2f6-486b-b2e2-9856f4e6339f,2b596717-2692-44b6-a768-5339499c4490,summary,2025-09-30 19:34:33.605+00,45a4c310-da2f-4ca8-a4ce-8c067aa6bcf8
2025-09-27 19:14:29.705+00,7a719ed0-2e2d-4a9d-821e-81e37a64ec49,3bf7254b-f2c6-4d5d-854f-67bc3c6bcca7,summary,2025-09-27 19:14:29.705+00,477e676f-3874-4295-a484-fff687a49677
2025-10-26 07:17:41.91+00,321695ac-bba4-49dc-ae8e-f16c3887656b,dea581bb-61a3-47ab-9025-138f0c1b4c7e,byte,2025-10-26 07:17:41.91+00,48b36c7e-fb61-4b13-a4ea-dc789b8833ab
2025-10-28 23:00:03.821+00,4813f5f6-c7e7-4cf2-af3a-47d3f3688d5c,2b596717-2692-44b6-a768-5339499c4490,summary,2025-10-28 23:00:03.821+00,48c2375b-418a-40d8-8d22-1650ef7c76b0
2025-10-04 05:58:38.316+00,c9324c15-0fbb-4e75-bdbb-3b5961ceff1f,58e91f4b-a572-522d-909b-ccc65ddb9d49,journey,2025-10-04 05:58:38.316+00,49c2abba-79d2-4603-8511-68a4383c29e2
2025-10-06 22:01:33.624+00,ab1172c8-043a-48b0-a0a4-3edfeea2c062,43a719d1-b700-44c8-8176-695050ce0287,summary,2025-10-06 22:01:33.624+00,4b58a2aa-47af-4c91-888e-de0f6a2e6b0c
2025-09-29 11:13:16.543+00,5a14afe1-f38f-4240-8a26-5b8f4d0fa528,af559fea-9185-472a-b280-3bdf4df8b76c,summary,2025-09-29 11:13:16.543+00,4b58ea77-facd-4322-8ebb-bc9e8805ce2d
2025-10-03 10:09:43.708+00,a8d9b1ba-ff25-4e99-9be8-51ee312954c9,b2678c2e-0855-4a7b-810c-6bb043a69d3d,byte,2025-10-03 10:09:43.708+00,4bd4c60a-b6e1-4e95-9a8d-b8a79ea7111d
2025-10-05 04:53:57.275+00,2abd8abd-9b27-4472-82f2-92551c09a012,defc4266-1eef-4756-b61c-01836d89b08b,journey,2025-10-05 04:53:57.275+00,4cc9be8a-e041-49bc-86f4-466b10bdbb99
2025-09-27 13:19:41.049+00,4d3e52a3-2803-46b0-b1dc-fdf196d545b8,b50e0d58-5ac0-427a-a4de-4b387c1c05b1,summary,2025-09-27 13:19:41.05+00,4df9cf29-1c13-4a8f-aa79-47798e48364f
2025-09-28 15:54:02.12+00,393e4ae5-e412-4478-8d76-c1a15b8ceeef,defc4266-1eef-4756-b61c-01836d89b08b,journey,2025-09-28 15:54:02.12+00,4e52e000-d276-4f33-8b9b-35aafc1cc6d2
2025-10-15 23:03:05.075+00,fbfe5856-3143-4668-b421-c68b8c324edb,b2678c2e-0855-4a7b-810c-6bb043a69d3d,byte,2025-10-15 23:03:05.075+00,4f438b7a-b642-4c12-ba73-05348df5662a
2025-09-27 19:18:34.271+00,57d4f745-06e1-4c96-a0e3-c593f3b10f17,d6366c7b-6b7f-455d-b743-b4a509e4a1df,byte,2025-09-27 19:18:34.271+00,4f63c788-f173-4e97-91b5-72fe9271fe25
2025-09-30 12:56:01.801+00,5df84569-d1b8-4fb6-804d-e5248d00e953,ffef9923-95a8-41e3-859c-61e2f3c6c441,byte,2025-09-30 12:56:01.801+00,4f9fee30-e50e-430f-be0a-2cff9aaf7dbe
2025-09-30 19:41:41.51+00,cb72f951-a824-44ee-8cb2-6750da1f2b02,2610c709-8108-4e18-aca5-a71b6e8e9fc3,summary,2025-09-30 19:41:41.51+00,51861150-3c8f-4b99-b0b7-54ba3797599d
2025-10-14 09:33:26.231+00,52fd8b7f-c15e-470a-906b-57a69347da0d,4e9f1799-8847-4fe5-9310-d01ffe5dd2c0,summary,2025-10-14 09:33:26.231+00,5326f2c5-a7c9-4c1d-9bb9-9e6b305bf4ff
2025-09-29 11:12:37.851+00,5a14afe1-f38f-4240-8a26-5b8f4d0fa528,aec0c8f9-b75a-4edc-8e60-dd7b9e92bcea,summary,2025-09-29 11:12:37.851+00,53ad0e57-d7a0-40df-9db6-8eefb94b0362
2025-09-30 00:51:10.879+00,db126e31-d32c-47fb-ad71-33d36e0d03ce,50355a21-c43a-43a8-a8c3-98a4fc94eb57,summary,2025-09-30 00:51:10.879+00,556ba82c-f105-4618-a6c3-ce4f5a72b23d
2025-09-27 13:31:03.184+00,04f48e04-4f26-4ef3-a3e2-57c8da8cd14f,b50e0d58-5ac0-427a-a4de-4b387c1c05b1,summary,2025-09-27 13:31:03.184+00,58279373-b679-494b-9a0a-1b7b7516500a
2025-09-27 14:01:30.312+00,a6058d24-df24-42e0-92e9-8b145c025d02,b50e0d58-5ac0-427a-a4de-4b387c1c05b1,summary,2025-09-27 14:01:30.312+00,58cadbf6-bee7-4007-bbdb-08236eb77f4e
2025-09-29 11:12:49.25+00,5a14afe1-f38f-4240-8a26-5b8f4d0fa528,2610c709-8108-4e18-aca5-a71b6e8e9fc3,summary,2025-09-29 11:12:49.25+00,5b6891ac-9452-4317-b9d3-8be3fa2213be
2025-10-09 09:18:57.772+00,0b1e9a49-57a6-4bf8-99a0-9ade2aeb54cc,43a719d1-b700-44c8-8176-695050ce0287,summary,2025-10-09 09:18:57.772+00,5eff350f-d008-463e-9bc8-0475881ef1f4
2025-09-29 10:43:29.506+00,21394615-0466-4c19-a32f-3b62967b449c,43a719d1-b700-44c8-8176-695050ce0287,summary,2025-09-29 10:43:29.506+00,5fb09bb7-94b9-4666-a0b5-516fa2d0fee0
2025-10-09 19:38:51.783+00,be8f50d8-b5da-45a8-bfef-bbb459a1ca34,b2678c2e-0855-4a7b-810c-6bb043a69d3d,byte,2025-10-09 19:38:51.783+00,61963cc6-a079-4ed1-a038-08b6f89e4faf
2025-09-29 19:34:48.731+00,832659c5-d416-4997-bba8-781e6a3b611c,43a719d1-b700-44c8-8176-695050ce0287,summary,2025-09-29 19:34:48.731+00,626ae96f-9b69-4f8c-b4bc-b4e256b8a5e5
2025-09-27 19:14:07.554+00,7a719ed0-2e2d-4a9d-821e-81e37a64ec49,16d1baef-8193-4e05-a831-6e389afc66d4,summary,2025-09-27 19:14:07.554+00,63e311a5-8ca3-4c61-b26c-39c6137cf63b
2025-09-30 22:08:53.59+00,d51f312d-a0d9-480a-bc7c-8a56b0e1832b,b2678c2e-0855-4a7b-810c-6bb043a69d3d,byte,2025-09-30 22:08:53.59+00,64b89095-2c4f-497a-92dc-de37185175cd
2025-10-03 20:57:20.28+00,be8f50d8-b5da-45a8-bfef-bbb459a1ca34,aec0c8f9-b75a-4edc-8e60-dd7b9e92bcea,summary,2025-10-03 20:57:20.28+00,64fad1c6-684b-48f0-82d7-dd687595b16f
2025-10-01 15:46:22.142+00,e2d7a9b6-c2f6-486b-b2e2-9856f4e6339f,ed364aba-85e7-44fd-801d-499307199b5f,journey,2025-10-01 15:46:22.142+00,66bf6b9a-8c6b-4ae1-8d78-bfe6fa058f42
2025-09-27 12:32:34.485+00,be3d12a8-dae1-4df5-9eb5-7b5324be7122,b50e0d58-5ac0-427a-a4de-4b387c1c05b1,summary,2025-09-27 12:32:34.485+00,67a388f5-eb18-43fe-a1df-5b2e9946a995
2025-10-02 11:03:27.717+00,de77bf96-b55c-4f71-b2e0-1421c0c71e43,b2678c2e-0855-4a7b-810c-6bb043a69d3d,byte,2025-10-02 11:03:27.717+00,6805db19-0544-410b-a30b-694f30510d59
2025-10-14 09:35:09.011+00,52fd8b7f-c15e-470a-906b-57a69347da0d,c9eb7570-8b7a-4c43-9e37-981af04ed22b,summary,2025-10-14 09:35:09.011+00,69117083-e405-44f0-937c-23835163aae3
2025-10-15 07:44:26.457+00,d21988d0-ef93-493f-9034-456d7357079f,7ea24f8e-ccaf-4881-9231-b0c9597ad808,summary,2025-10-15 07:44:26.457+00,6ab19678-db13-42e9-9d1e-0fcc74e1f71f
2025-09-28 10:40:45.134+00,6dbb6ff4-2abd-44d1-af83-c9303f6bf631,b2678c2e-0855-4a7b-810c-6bb043a69d3d,byte,2025-09-28 10:40:45.134+00,6bd5bf8e-7e36-4f13-9060-370f34a53def
2025-09-27 19:14:36.426+00,7a719ed0-2e2d-4a9d-821e-81e37a64ec49,fc504004-08f5-429a-9693-5b93a8f95015,summary,2025-09-27 19:14:36.426+00,6ceeb101-e18a-4e62-9058-94a72fc348b2
2025-10-04 15:46:41.613+00,27658c94-e3f0-4c96-9fd7-1a8d812f6fe6,fc504004-08f5-429a-9693-5b93a8f95015,summary,2025-10-04 15:46:41.613+00,6dbe7078-3930-45bc-bfef-45e6f08f52b2
2025-10-05 04:46:06.24+00,f2e25418-8a3e-4302-8881-00817940e10b,43a719d1-b700-44c8-8176-695050ce0287,summary,2025-10-05 04:46:06.24+00,6e17b446-c387-4893-8831-a6a3a6920441
2025-09-27 19:13:49.561+00,7a719ed0-2e2d-4a9d-821e-81e37a64ec49,701daffb-6b59-4b3d-a957-27cc4ecf302a,summary,2025-09-27 19:13:49.561+00,6e56fadd-9426-4ae3-852c-c61f939b26d6
2025-10-22 14:31:34.587+00,d51ba89f-6332-4327-81cd-4e9045fa15ee,4e9f1799-8847-4fe5-9310-d01ffe5dd2c0,summary,2025-10-22 14:31:34.587+00,6f8b0cc5-57bf-4c37-8018-ab79ae23b02d
2025-09-28 00:29:04.907+00,acd509aa-b110-4d13-9f30-b42e28e325be,701daffb-6b59-4b3d-a957-27cc4ecf302a,summary,2025-09-28 00:29:04.907+00,6fa4d9d5-e247-414e-be12-bd1f675e24f9
2025-10-02 13:11:17.826+00,1b93ce7d-2223-4340-bddb-1aee8c240788,43a719d1-b700-44c8-8176-695050ce0287,summary,2025-10-02 13:11:17.826+00,708eeddf-9333-4463-b814-cd38e5ebbdbb
2025-10-13 09:13:13.574748+00,c9324c15-0fbb-4e75-bdbb-3b5961ceff1f,82e618fa-a346-4b6c-9c72-f42236d97f38,byte,2025-10-13 09:13:13.574748+00,70f37a41-dfce-49d9-9494-2633aae7ac85
2025-09-27 19:14:09.454+00,7a719ed0-2e2d-4a9d-821e-81e37a64ec49,5cf2f9e3-3275-49f5-accc-ef43f6c584e3,summary,2025-09-27 19:14:09.454+00,716751c4-7335-4602-b278-e746bcea7be4
2025-10-03 07:41:12.801+00,899d5230-e6fb-4358-971f-6101e4f52637,defc4266-1eef-4756-b61c-01836d89b08b,journey,2025-10-03 07:41:12.801+00,71940a81-be6e-48a5-8147-28127e4ec45d
2025-10-09 15:18:54.878+00,a3be0e1c-b7b0-4ed5-9a6c-444090ec9df2,43a719d1-b700-44c8-8176-695050ce0287,summary,2025-10-09 15:18:54.878+00,71fa024d-bac1-43fe-bdb1-badb872acca5
2025-10-03 20:57:15.563+00,be8f50d8-b5da-45a8-bfef-bbb459a1ca34,701daffb-6b59-4b3d-a957-27cc4ecf302a,summary,2025-10-03 20:57:15.563+00,72016a6c-5adc-455b-89a8-f209b3130a79
2025-09-28 22:17:05.647+00,c4635509-74fa-43db-b00e-4670743a3ac8,77f3e47f-acf5-4934-b421-d21a394d90d7,byte,2025-09-28 22:17:05.647+00,7259ffbd-c13e-4157-8aa5-aec42271175e
2025-09-28 13:00:08.254+00,702b2aba-20da-4d75-80eb-4afcd3a31c1b,b2678c2e-0855-4a7b-810c-6bb043a69d3d,byte,2025-09-28 13:00:08.254+00,7275868f-b92b-47ef-86d1-a3b7808e5fa1
2025-10-03 20:57:28.429+00,be8f50d8-b5da-45a8-bfef-bbb459a1ca34,4e9f1799-8847-4fe5-9310-d01ffe5dd2c0,summary,2025-10-03 20:57:28.429+00,72fa1125-bda5-40a2-9273-5c4b8a3392e4
2025-10-03 20:57:31.979+00,be8f50d8-b5da-45a8-bfef-bbb459a1ca34,2610c709-8108-4e18-aca5-a71b6e8e9fc3,summary,2025-10-03 20:57:31.979+00,754eb1ff-51b3-4d75-a630-240dc929611a
2025-09-28 13:56:28.916+00,c7382a26-0214-42ae-af9a-dfb3cc656da6,0d5a12fc-6a25-4d21-be10-c232b2f25b22,byte,2025-09-28 13:56:28.916+00,78b1a49c-027c-44b7-af46-a46e4404d711
2025-09-28 00:30:06.85+00,acd509aa-b110-4d13-9f30-b42e28e325be,a1d5323c-c866-4bcf-8c5b-e2b50a46cf7d,summary,2025-09-28 00:30:06.85+00,7bc0a2b6-0ec2-4f69-947f-74b7139ef981
2025-09-28 13:55:53.674+00,8d95b53e-2566-42e6-9606-9a07332f7d4b,2b596717-2692-44b6-a768-5339499c4490,summary,2025-09-28 13:55:53.674+00,7c7d1745-618b-49c4-8ac4-02e783c2e794
2025-10-02 14:55:29.04+00,062cfd4d-0c44-47ee-abd1-ffec33bd84f3,f66dfb0e-ffbe-4358-bacd-f76657ef15ca,byte,2025-10-02 14:55:29.04+00,7d77aaba-23db-4f5b-a08f-006b4e98af47
2025-09-28 14:30:32.949+00,194a8642-1e94-4b93-985d-ef4a84792d09,43a719d1-b700-44c8-8176-695050ce0287,summary,2025-09-28 14:30:32.949+00,7da41128-858d-4cd4-90e2-448a3b3b9ba6
2025-09-29 22:53:46.129+00,a1197f9c-1055-461a-bea1-85bd37f83c9f,43a719d1-b700-44c8-8176-695050ce0287,summary,2025-09-29 22:53:46.129+00,803b2e76-873a-43a6-9e94-cdaed6b75ae1
2025-09-27 19:13:41.938+00,7a719ed0-2e2d-4a9d-821e-81e37a64ec49,b50e0d58-5ac0-427a-a4de-4b387c1c05b1,summary,2025-09-27 19:13:41.938+00,8162597b-94cd-4713-9332-4af318bd2e62
2025-10-03 14:31:58.524+00,c9324c15-0fbb-4e75-bdbb-3b5961ceff1f,43a719d1-b700-44c8-8176-695050ce0287,summary,2025-10-03 14:31:58.524+00,83c1705d-d794-4ad5-97a2-671d1dcc4438
2025-09-28 13:44:28.121+00,3cd43107-20b6-4eb2-918b-b6df57e737fb,43a719d1-b700-44c8-8176-695050ce0287,summary,2025-09-28 13:44:28.121+00,85dbe8bd-5228-48c2-bbf3-400cd8beb999
2025-09-29 20:41:43.23+00,573b3327-fc69-4ce5-b4e8-7df079a4f544,085b1002-d315-5f5a-bd9e-b0e63e119c6f,journey,2025-09-29 20:41:43.23+00,8854d799-042b-4e7e-97af-8fa75bdb5ed9
2025-09-29 22:11:11.799+00,3bcbc50f-2a8f-40d0-b4b8-3779bd5d3c21,defc4266-1eef-4756-b61c-01836d89b08b,journey,2025-09-29 22:11:11.799+00,8863e2e7-a4b8-4bfe-a8f9-eaeb239daa02
2025-09-27 13:17:52.1+00,b6e2e0c5-4746-4879-ad27-94758c153de3,aec0c8f9-b75a-4edc-8e60-dd7b9e92bcea,summary,2025-09-27 13:17:52.1+00,887a6470-d2a5-41b6-8fc5-d038da83f58b
2025-10-04 06:18:44.039+00,83815893-de20-4396-9f6f-dc7dbce88f8f,b2678c2e-0855-4a7b-810c-6bb043a69d3d,byte,2025-10-04 06:18:44.039+00,8a374d72-439c-415f-a953-9d2b2c7205eb
2025-09-27 19:14:41.03+00,7a719ed0-2e2d-4a9d-821e-81e37a64ec49,c725d17c-04cd-4ebb-afb4-2445b97f84cc,summary,2025-09-27 19:14:41.03+00,8a8516a9-7802-4791-a087-aae6be2bafdb
2025-09-27 19:14:33.009+00,7a719ed0-2e2d-4a9d-821e-81e37a64ec49,b775e83f-21a0-490a-8307-0e2e3cabeee8,summary,2025-09-27 19:14:33.009+00,8a8811b5-462b-4c61-8f48-dc92398f4ff4
2025-09-29 20:21:38.828+00,bdcd44f3-1d18-408c-b1f3-5caa583f42fa,5fda1d3b-89a4-4f4c-a046-dd751289ff5f,byte,2025-09-29 20:21:38.828+00,8de7db8d-b6b8-4afb-9281-02630478fe06
2025-10-28 07:54:01.545+00,e97b5550-7739-4b21-ab40-6e445c06408f,a3a943ba-0df0-4645-9019-a05abdd2b030,summary,2025-10-28 07:54:01.545+00,8f2da4cf-6b61-46a7-98f4-040ca0970a00
2025-09-30 15:17:02.651+00,573b3327-fc69-4ce5-b4e8-7df079a4f544,4e9f1799-8847-4fe5-9310-d01ffe5dd2c0,summary,2025-09-30 15:17:02.651+00,8f681d43-adfe-4c4f-a15f-85bd01f9122f
2025-09-29 11:12:15.819+00,5a14afe1-f38f-4240-8a26-5b8f4d0fa528,c4849c39-d9bd-4072-ba4b-d7ebc057b52d,summary,2025-09-29 11:12:15.819+00,9038a1bb-fd44-40d2-a04c-e80e7b387975
2025-09-28 03:25:32.187+00,cdfb8cff-87a3-4a54-bd65-1d93f8a365a1,b50e0d58-5ac0-427a-a4de-4b387c1c05b1,summary,2025-09-28 03:25:32.187+00,9094d8fc-91b4-4ac0-a178-7fee0c65b02e
2025-09-27 19:13:57.883+00,7a719ed0-2e2d-4a9d-821e-81e37a64ec49,e3d7dfe2-ad6c-4b4c-a501-986c05dd9ad3,summary,2025-09-27 19:13:57.883+00,9241e73d-911e-48ec-ad16-c296facab579
2025-10-10 09:58:11.789+00,dbd8e676-5d46-40c3-80f5-01a7b46d8f30,be2ad415-2f72-4399-a701-7b0b641fac5c,byte,2025-10-10 09:58:11.789+00,94c0201c-9ba4-4ce2-9c4d-3cba8e585002
2025-09-27 13:21:55.487+00,98047fc2-7e66-48af-ae3f-2c0a28fe2aaf,b2678c2e-0855-4a7b-810c-6bb043a69d3d,byte,2025-09-27 13:21:55.487+00,963acc07-d7ee-4f89-9a0a-e5ad51b490cd
2025-09-28 22:17:06.5+00,c4635509-74fa-43db-b00e-4670743a3ac8,b2678c2e-0855-4a7b-810c-6bb043a69d3d,byte,2025-09-28 22:17:06.5+00,977106e0-c596-463c-afff-78e4aa428534
2025-10-15 23:03:07.356+00,fbfe5856-3143-4668-b421-c68b8c324edb,77f3e47f-acf5-4934-b421-d21a394d90d7,byte,2025-10-15 23:03:07.356+00,9b075a00-14c7-4088-89ef-208c8e99a9c8
2025-10-14 09:34:56.417+00,52fd8b7f-c15e-470a-906b-57a69347da0d,77ad8415-81f7-4208-87cb-f302f5bcb94b,summary,2025-10-14 09:34:56.417+00,9c6085ae-457b-44b1-b3d5-f812d4ca5ec8
2025-09-29 20:22:07.189+00,bdcd44f3-1d18-408c-b1f3-5caa583f42fa,3ba771d8-1a2a-4a08-8cae-3b4f1e4cf21c,byte,2025-09-29 20:22:07.189+00,9cb0b462-250c-4ecb-ad1b-5bbe31763e63
2025-09-27 19:14:11.084+00,7a719ed0-2e2d-4a9d-821e-81e37a64ec49,af559fea-9185-472a-b280-3bdf4df8b76c,summary,2025-09-27 19:14:11.084+00,9f943c4a-4340-467e-99e1-30c81c7c9f35
2025-10-03 20:57:41.051+00,be8f50d8-b5da-45a8-bfef-bbb459a1ca34,7ea24f8e-ccaf-4881-9231-b0c9597ad808,summary,2025-10-03 20:57:41.051+00,a0b4c7ef-36dc-40e7-9b08-5dacf0d4db36
2025-09-29 19:42:10.061+00,5cd75aa4-d985-4423-8e96-67b1bf09a190,5fda1d3b-89a4-4f4c-a046-dd751289ff5f,byte,2025-09-29 19:42:10.061+00,a3424521-d489-4533-a50b-18d6808c0e1a
2025-10-03 23:46:54.513+00,7f521b55-5947-4d8d-bc75-dac26da811d0,77f3e47f-acf5-4934-b421-d21a394d90d7,byte,2025-10-03 23:46:54.513+00,a4765c0b-c7bb-431e-8a54-1141b3445cf3
2025-09-27 19:14:02.303+00,7a719ed0-2e2d-4a9d-821e-81e37a64ec49,89354efe-b8bc-477a-b9ba-74a8e5c6a7a1,summary,2025-09-27 19:14:02.303+00,a58220d7-a58a-45c5-a7f6-49a319589125
2025-09-28 00:29:17.2+00,acd509aa-b110-4d13-9f30-b42e28e325be,4e9f1799-8847-4fe5-9310-d01ffe5dd2c0,summary,2025-09-28 00:29:17.2+00,a6e3bdd5-90e4-4198-b919-1b45166a875a
2025-09-27 19:13:39.702+00,7a719ed0-2e2d-4a9d-821e-81e37a64ec49,c4849c39-d9bd-4072-ba4b-d7ebc057b52d,summary,2025-09-27 19:13:39.702+00,a7676eaa-4511-4662-a23e-0e3207e6a667
2025-10-14 21:09:53.487+00,fd17e888-3ef0-476a-8af3-04e2a8508606,ed364aba-85e7-44fd-801d-499307199b5f,journey,2025-10-14 21:09:53.487+00,a811e517-2472-456a-80f0-3b8ba6c277a3
2025-10-03 10:10:23.484+00,a8d9b1ba-ff25-4e99-9be8-51ee312954c9,59218631-e747-444e-b35d-c74b250f3a55,byte,2025-10-03 10:10:23.484+00,a871b13b-887c-4c2b-9354-ece95b2af23f
2025-09-29 11:12:12.638+00,5a14afe1-f38f-4240-8a26-5b8f4d0fa528,43a719d1-b700-44c8-8176-695050ce0287,summary,2025-09-29 11:12:12.638+00,a90e9a41-0e34-400b-905c-9fcb20d73691
2025-09-29 19:34:51.3+00,832659c5-d416-4997-bba8-781e6a3b611c,b50e0d58-5ac0-427a-a4de-4b387c1c05b1,summary,2025-09-29 19:34:51.3+00,ad4cc254-9a23-4a4a-8cd5-0b0796ff50ac
2025-10-03 10:11:03.559+00,a8d9b1ba-ff25-4e99-9be8-51ee312954c9,58e91f4b-a572-522d-909b-ccc65ddb9d49,journey,2025-10-03 10:11:03.559+00,af507be5-d0b1-42b5-8365-68a00fdde5ac
2025-09-27 19:14:30.618+00,7a719ed0-2e2d-4a9d-821e-81e37a64ec49,dec65b67-7026-4455-9b5f-b98fcf6d25c6,summary,2025-09-27 19:14:30.618+00,afa2bfc5-ba6f-41c5-becf-a0fb9ac7beb2
2025-10-10 03:52:25.181+00,4d2d3bc4-8b3e-4a4d-a37b-a494d41b3cfc,defc4266-1eef-4756-b61c-01836d89b08b,journey,2025-10-10 03:52:25.181+00,b0044ef7-e5e2-46f8-9006-3b2f7df13752
2025-09-28 14:56:48.053+00,2c3ea2b9-f142-4799-a5c1-c01678dc96e7,b50e0d58-5ac0-427a-a4de-4b387c1c05b1,summary,2025-09-28 14:56:48.053+00,b173cb2b-b2a4-4043-8919-ac6aa6d161cd
2025-10-06 01:09:00.091+00,c1efa981-7f82-4cbb-9f90-7546d9b9d261,ed364aba-85e7-44fd-801d-499307199b5f,journey,2025-10-06 01:09:00.091+00,b17c80c5-96f3-4992-9ee7-60061280c2a8
2025-09-27 11:47:32.63+00,36ef059d-db40-420e-ae9b-0c3ae5b541ab,82e618fa-a346-4b6c-9c72-f42236d97f38,byte,2025-09-27 11:47:32.63+00,b2e0bc0a-7188-415b-b8f6-7198182bfa76
2025-09-29 11:13:37.575+00,5a14afe1-f38f-4240-8a26-5b8f4d0fa528,f33c7ac5-2da8-4547-908b-da3d4dbb9b26,summary,2025-09-29 11:13:37.575+00,b3003aa0-2ef7-4cda-8f55-51676a81be30
2025-09-27 19:14:05.239+00,7a719ed0-2e2d-4a9d-821e-81e37a64ec49,50355a21-c43a-43a8-a8c3-98a4fc94eb57,summary,2025-09-27 19:14:05.239+00,b3a56580-9f40-4665-bef2-39eaf7ff5487
2025-10-26 06:00:01.638+00,d51ba89f-6332-4327-81cd-4e9045fa15ee,16d1baef-8193-4e05-a831-6e389afc66d4,summary,2025-10-26 06:00:01.638+00,b5547df3-0629-4d6b-867f-301e9345c77e
2025-09-27 19:14:27.616+00,7a719ed0-2e2d-4a9d-821e-81e37a64ec49,9181b76c-67a9-4328-9632-3315cfc0b427,summary,2025-09-27 19:14:27.616+00,b6c41f32-325a-4457-ac5b-e06094e716aa
2025-09-29 20:56:52.292+00,61715487-2168-4bd3-842e-6958ba19163e,defc4266-1eef-4756-b61c-01836d89b08b,journey,2025-09-29 20:56:52.292+00,b828897f-e5c1-4780-8e00-1d1b1685f123
2025-09-29 11:13:07.435+00,5a14afe1-f38f-4240-8a26-5b8f4d0fa528,50355a21-c43a-43a8-a8c3-98a4fc94eb57,summary,2025-09-29 11:13:07.435+00,b8ce9239-ae51-4aa5-bf8b-ce2e383e5655
2025-09-30 19:34:15.513+00,e2d7a9b6-c2f6-486b-b2e2-9856f4e6339f,77f3e47f-acf5-4934-b421-d21a394d90d7,byte,2025-09-30 19:34:15.513+00,b96bdbc3-34b3-4e1e-aef2-3dabac8ed0df
2025-09-29 17:31:32.225+00,573b3327-fc69-4ce5-b4e8-7df079a4f544,aec0c8f9-b75a-4edc-8e60-dd7b9e92bcea,summary,2025-09-29 17:31:32.225+00,babd4fb1-fdac-469b-8e94-5957d92c8b7d
2025-09-28 00:00:10.214+00,a4dc5907-67d7-4996-a727-770c7d66cf4f,b50e0d58-5ac0-427a-a4de-4b387c1c05b1,summary,2025-09-28 00:00:10.214+00,bb8b722e-b4b9-4b09-8455-e3d747f0fd08
2025-09-27 15:41:38.101+00,7939fbd2-69d1-4b74-9102-2d148c753f58,b50e0d58-5ac0-427a-a4de-4b387c1c05b1,summary,2025-09-27 15:41:38.101+00,bc9126d9-e45e-4319-9ae0-188e2f24c276
2025-10-03 10:06:58.451+00,a8d9b1ba-ff25-4e99-9be8-51ee312954c9,2b596717-2692-44b6-a768-5339499c4490,summary,2025-10-03 10:06:58.451+00,bca568a7-ac58-47fc-975f-d5be9dec07ce
2025-10-04 06:18:35.598+00,83815893-de20-4396-9f6f-dc7dbce88f8f,c4849c39-d9bd-4072-ba4b-d7ebc057b52d,summary,2025-10-04 06:18:35.598+00,bcdfba70-4fa9-434a-ae18-85b1c0dca43e
2025-10-12 15:07:48.867+00,84fd0947-60a6-44f7-b858-86d2780a0b2c,defc4266-1eef-4756-b61c-01836d89b08b,journey,2025-10-12 15:07:48.867+00,be479106-c5ac-4f79-b74e-08a67d728113
2025-10-04 12:28:40.979+00,96be33c3-3216-4d37-97d2-16dc8d3d8c22,a3a943ba-0df0-4645-9019-a05abdd2b030,summary,2025-10-04 12:28:40.979+00,be71f0a9-fdd5-4d55-be27-16d4c6952a77
2025-09-27 20:49:41.377+00,83815893-de20-4396-9f6f-dc7dbce88f8f,43a719d1-b700-44c8-8176-695050ce0287,summary,2025-09-27 20:49:41.377+00,c07840be-1616-4aad-b8f7-856c0c1bc41a
2025-09-28 16:00:40.431+00,80f6c346-5a6c-4a59-b401-ae123b0f9e6a,c4849c39-d9bd-4072-ba4b-d7ebc057b52d,summary,2025-09-28 16:00:40.431+00,c231a926-e8e4-4016-aeb2-59a04b144533
2025-09-29 19:34:49.917+00,832659c5-d416-4997-bba8-781e6a3b611c,c4849c39-d9bd-4072-ba4b-d7ebc057b52d,summary,2025-09-29 19:34:49.917+00,c36c45e1-5fe3-469a-8b29-cae7fc649aea
2025-10-15 21:50:56.219+00,517da0f8-3885-4c02-bfaf-778557cea4d8,43a719d1-b700-44c8-8176-695050ce0287,summary,2025-10-15 21:50:56.219+00,c4ad63be-2c69-4180-8519-c0ae4cf9aa13
2025-10-04 07:27:22.236+00,a2cc3311-3823-4082-8c01-0635f4a0bd8c,2d242a27-75b5-4952-97fa-b30437cef044,summary,2025-10-04 07:27:22.236+00,c5cf67ad-14e2-4b39-ad87-82cae6eed23c
2025-10-03 21:00:07.212+00,be8f50d8-b5da-45a8-bfef-bbb459a1ca34,e42e49c0-36e1-4bee-995a-8007ef4c1a65,summary,2025-10-03 21:00:07.212+00,c6b4ab95-fdd8-4eef-b89c-578f0bc2d728
2025-10-04 17:32:26.285+00,e2d7a9b6-c2f6-486b-b2e2-9856f4e6339f,b05f8d22-08e0-4744-91be-6c45e684d2fa,summary,2025-10-04 17:32:26.285+00,c85c6e51-8497-41a2-82f5-7506fe56a3a4
2025-09-29 20:21:16.647+00,bdcd44f3-1d18-408c-b1f3-5caa583f42fa,43a719d1-b700-44c8-8176-695050ce0287,summary,2025-09-29 20:21:16.647+00,cb948966-f3ff-497a-92f3-edfe784cd7a1
2025-10-14 09:33:30.421+00,52fd8b7f-c15e-470a-906b-57a69347da0d,2b596717-2692-44b6-a768-5339499c4490,summary,2025-10-14 09:33:30.421+00,cb98815f-7218-4d3f-90e1-c868a928e6ef
2025-09-29 11:12:23.83+00,5a14afe1-f38f-4240-8a26-5b8f4d0fa528,b50e0d58-5ac0-427a-a4de-4b387c1c05b1,summary,2025-09-29 11:12:23.83+00,cbccf886-1482-436e-8fa2-ed158596a733
2025-10-05 04:47:42.457+00,f2e25418-8a3e-4302-8881-00817940e10b,c4849c39-d9bd-4072-ba4b-d7ebc057b52d,summary,2025-10-05 04:47:42.457+00,cc0bec5a-9c69-49ae-92fc-d13b23420093
2025-09-29 16:17:19.63+00,7e62a47c-5692-407b-bd83-ec43e4417608,43a719d1-b700-44c8-8176-695050ce0287,summary,2025-09-29 16:17:19.63+00,d0e1f653-1640-44fd-8391-3f9fe2666114
2025-09-30 20:28:15.409+00,83ac4d45-6f4a-4f8c-a3b0-e3284db81e78,085b1002-d315-5f5a-bd9e-b0e63e119c6f,journey,2025-09-30 20:28:15.409+00,d160c7a0-1e0c-4c77-981e-df84f1ba77d0
2025-09-29 11:13:14.33+00,5a14afe1-f38f-4240-8a26-5b8f4d0fa528,5cf2f9e3-3275-49f5-accc-ef43f6c584e3,summary,2025-09-29 11:13:14.33+00,d2432ba6-c422-4e0c-bed8-593bd75030a4
2025-09-30 22:24:42.361+00,e2d7a9b6-c2f6-486b-b2e2-9856f4e6339f,58e91f4b-a572-522d-909b-ccc65ddb9d49,journey,2025-09-30 22:24:42.361+00,d43196f5-be1f-4d24-aa10-c4ee4e7c1c68
2025-09-28 00:27:29.448+00,acd509aa-b110-4d13-9f30-b42e28e325be,89354efe-b8bc-477a-b9ba-74a8e5c6a7a1,summary,2025-09-28 00:27:29.448+00,d58d0cc4-5f3e-4fdf-94e5-280c013bf4c2
2025-09-29 12:11:42.704+00,e074bafd-196e-4263-8282-54257183c041,ffef9923-95a8-41e3-859c-61e2f3c6c441,byte,2025-09-29 12:11:42.704+00,d751407a-acb5-4729-86c3-2463cf901db8
2025-10-21 11:30:22.704+00,026051ab-24a2-46c6-ba19-b08df3209be6,43a719d1-b700-44c8-8176-695050ce0287,summary,2025-10-21 11:30:22.704+00,d7a0d1b2-ff11-42f5-86f2-087b26187bfe
2025-09-29 17:31:30.193+00,573b3327-fc69-4ce5-b4e8-7df079a4f544,2b596717-2692-44b6-a768-5339499c4490,summary,2025-09-29 17:31:30.193+00,d9477152-efec-41fa-8a3c-6fce14b9132b
2025-10-01 18:19:28.248+00,3e15083d-0218-43aa-8cf0-9c6d24c4d815,c0d96c7f-5f78-4a59-ac69-341064a37c17,summary,2025-10-01 18:19:28.248+00,d9a0e644-704d-4260-89df-ab0ea94bc152
2025-10-07 11:51:19.162+00,5ddc2bd8-0084-48f7-8bb2-017d6449b1e6,c4849c39-d9bd-4072-ba4b-d7ebc057b52d,summary,2025-10-07 11:51:19.162+00,dab0d428-702d-4f9c-9817-2787870da7bb
2025-09-29 11:12:30.812+00,5a14afe1-f38f-4240-8a26-5b8f4d0fa528,701daffb-6b59-4b3d-a957-27cc4ecf302a,summary,2025-09-29 11:12:30.812+00,db133b5e-c857-4b72-8834-f2e6e22ce063
2025-09-30 13:00:17.969+00,5df84569-d1b8-4fb6-804d-e5248d00e953,defc4266-1eef-4756-b61c-01836d89b08b,journey,2025-09-30 13:00:17.969+00,db975e78-8aab-43e2-b47e-069a7a136839
2025-09-28 00:20:48.24+00,dce8760f-9c30-4ea2-8ab1-684d2c0ec686,defc4266-1eef-4756-b61c-01836d89b08b,journey,2025-09-28 00:20:48.24+00,dc54cfa5-ad6e-410a-99c8-a6990102f196
2025-09-28 22:17:14.752+00,c4635509-74fa-43db-b00e-4670743a3ac8,c4849c39-d9bd-4072-ba4b-d7ebc057b52d,summary,2025-09-28 22:17:14.752+00,de7a017f-384d-4020-983c-161e62dcc800
2025-10-13 09:13:12.262943+00,c9324c15-0fbb-4e75-bdbb-3b5961ceff1f,2e058380-90ad-412b-9887-52149e8bc2ae,byte,2025-10-13 09:13:12.262943+00,df9d50d4-582d-48b8-932e-5e20dcd3ca60
2025-09-28 16:35:30.662+00,65df752e-58d9-44dc-ae47-187b44e87152,c4849c39-d9bd-4072-ba4b-d7ebc057b52d,summary,2025-09-28 16:35:30.662+00,e0324ce4-7dd8-42e7-a4ed-09b8f555d306
2025-09-30 19:31:04.642+00,2d96e21c-5609-4940-9f6c-dca11cd20d96,43a719d1-b700-44c8-8176-695050ce0287,summary,2025-09-30 19:31:04.642+00,e1321cae-477a-4a1f-b5a9-1177924d6cf1
2025-10-14 09:33:12.885+00,52fd8b7f-c15e-470a-906b-57a69347da0d,c4849c39-d9bd-4072-ba4b-d7ebc057b52d,summary,2025-10-14 09:33:12.885+00,e1b47b92-fb78-44e5-b4df-3aa18d60b358
2025-09-29 02:49:05.033+00,8718ff60-93ee-4bf9-b0e9-672e1fde4dc4,250175fd-7b73-4037-b206-af7d44ccf5c7,byte,2025-09-29 02:49:05.033+00,e1c34769-0962-43cf-b82c-8a437cbd013f
2025-10-03 10:10:46.165+00,a8d9b1ba-ff25-4e99-9be8-51ee312954c9,be2ad415-2f72-4399-a701-7b0b641fac5c,byte,2025-10-03 10:10:46.165+00,e2a34ac5-dc77-4bee-8f9f-8e6423de055d
2025-09-27 19:13:53.149+00,7a719ed0-2e2d-4a9d-821e-81e37a64ec49,aec0c8f9-b75a-4edc-8e60-dd7b9e92bcea,summary,2025-09-27 19:13:53.149+00,e3c0d855-a640-4103-a7b5-960649c56684
2025-09-29 11:13:24.295+00,5a14afe1-f38f-4240-8a26-5b8f4d0fa528,3bf7254b-f2c6-4d5d-854f-67bc3c6bcca7,summary,2025-09-29 11:13:24.295+00,e547268b-3542-41fc-abf5-26fd25f30ed3
2025-10-13 09:12:52.41264+00,c9324c15-0fbb-4e75-bdbb-3b5961ceff1f,2b596717-2692-44b6-a768-5339499c4490,summary,2025-10-13 09:12:52.41264+00,e572b404-f0b5-4810-8e3a-b2ef7e277e91
2025-10-21 16:55:01.161+00,779a4344-61e7-4ab8-bfb5-baa8ad0a8785,43a719d1-b700-44c8-8176-695050ce0287,summary,2025-10-21 16:55:01.161+00,e59be014-2763-4770-8fc1-af16de9891fe
2025-09-28 21:48:37.223+00,50a6a4b4-d961-4a17-baa3-e4052fc404a2,b50e0d58-5ac0-427a-a4de-4b387c1c05b1,summary,2025-09-28 21:48:37.223+00,e5a81c66-e79e-404e-8438-fb323b12c5a1
2025-09-27 18:56:46.089+00,50ccf57a-67f3-4ccf-9770-e5553edcf61d,77f3e47f-acf5-4934-b421-d21a394d90d7,byte,2025-09-27 18:56:46.089+00,e668335a-9465-4491-aa95-0227a7c2631e
2025-09-29 20:20:58.549+00,bdcd44f3-1d18-408c-b1f3-5caa583f42fa,b05f8d22-08e0-4744-91be-6c45e684d2fa,summary,2025-09-29 20:20:58.549+00,e6c266a3-dd80-41de-947c-9ee8b852ce1b
2025-10-01 07:07:25.103+00,1201c326-8d8e-4cd9-8d60-3cd22304f88c,defc4266-1eef-4756-b61c-01836d89b08b,journey,2025-10-01 07:07:25.103+00,e78329b0-9357-4b9e-8928-5a2c6504b930
2025-09-28 00:30:10.629+00,acd509aa-b110-4d13-9f30-b42e28e325be,aafc6228-83cb-46a8-9447-9701c489de8a,summary,2025-09-28 00:30:10.629+00,e821719b-eb4b-49c5-b3f0-dbec3bbb4881
2025-10-14 09:36:14.648+00,52fd8b7f-c15e-470a-906b-57a69347da0d,defc4266-1eef-4756-b61c-01836d89b08b,journey,2025-10-14 09:36:14.648+00,e955cf3d-0d81-41dc-930a-35bed0270d28
2025-10-01 21:05:17.348+00,fd17e888-3ef0-476a-8af3-04e2a8508606,defc4266-1eef-4756-b61c-01836d89b08b,journey,2025-10-01 21:05:17.348+00,ea62cdd8-8dfe-4500-ade3-f9bd826b77f3
2025-09-30 19:50:09.265+00,b59a13d4-62a7-4bab-b543-f243b4b1ff6d,c4849c39-d9bd-4072-ba4b-d7ebc057b52d,summary,2025-09-30 19:50:09.265+00,eaa6849b-86d4-4bcd-8db4-e560433c2641
2025-09-29 20:21:31.037+00,bdcd44f3-1d18-408c-b1f3-5caa583f42fa,ffef9923-95a8-41e3-859c-61e2f3c6c441,byte,2025-09-29 20:21:31.037+00,eb3069a3-121d-4d79-877e-8696957e9101
2025-09-29 20:21:40.432+00,bdcd44f3-1d18-408c-b1f3-5caa583f42fa,1eaa8bdf-039e-4fac-a439-3ed30e970643,byte,2025-09-29 20:21:40.432+00,eb50b119-02e2-4aec-a3d6-7d266c90c20b
2025-09-27 19:13:48.579+00,7a719ed0-2e2d-4a9d-821e-81e37a64ec49,a3a943ba-0df0-4645-9019-a05abdd2b030,summary,2025-09-27 19:13:48.579+00,ebe48e0e-9e46-43b7-9f3f-85f60ff5670b
2025-09-27 22:08:16.101+00,c22c498b-f78c-4a9e-a755-730738be189d,a3a943ba-0df0-4645-9019-a05abdd2b030,summary,2025-09-27 22:08:16.101+00,ed01082d-18bd-42ea-bf4d-136b7c5bf79c
2025-10-04 12:29:06.57+00,96be33c3-3216-4d37-97d2-16dc8d3d8c22,fff5c4ef-4277-44db-a8c4-27ce7aa15ccd,summary,2025-10-04 12:29:06.57+00,ed60fc30-6c59-4162-87ae-128b224d0da4
2025-09-27 14:02:08.627+00,d5af66ee-83ad-479e-9599-28a5b5b12f35,b2678c2e-0855-4a7b-810c-6bb043a69d3d,byte,2025-09-27 14:02:08.627+00,ee7a68c4-2fca-484f-9907-796ff1601bbc
2025-09-27 19:13:51.277+00,7a719ed0-2e2d-4a9d-821e-81e37a64ec49,2b596717-2692-44b6-a768-5339499c4490,summary,2025-09-27 19:13:51.277+00,ef9465b3-69d5-411a-995b-06f55dfe407f
2025-09-27 19:13:36.415+00,7a719ed0-2e2d-4a9d-821e-81e37a64ec49,43a719d1-b700-44c8-8176-695050ce0287,summary,2025-09-27 19:13:36.415+00,efa93ab4-c6c8-41e4-ace2-c878512ac09b
2025-09-30 13:22:59.526+00,c87d13cb-b6e5-4d25-9834-7a90c3c605c2,af559fea-9185-472a-b280-3bdf4df8b76c,summary,2025-09-30 13:22:59.526+00,f174fec3-df76-4cb0-9d9f-cb6d05fcfff0
2025-09-28 22:17:22.993+00,c4635509-74fa-43db-b00e-4670743a3ac8,ed364aba-85e7-44fd-801d-499307199b5f,journey,2025-09-28 22:17:22.993+00,f353cecf-cb17-47b1-901c-2236d672e588
2025-09-29 11:12:35.458+00,5a14afe1-f38f-4240-8a26-5b8f4d0fa528,2b596717-2692-44b6-a768-5339499c4490,summary,2025-09-29 11:12:35.458+00,f5741ea3-69c8-4d94-b2bb-3a701e536cc7
2025-09-27 21:33:13.081+00,38f40218-3acb-4d97-92bd-bf2ac6e6b862,43a719d1-b700-44c8-8176-695050ce0287,summary,2025-09-27 21:33:13.081+00,f5cab647-35ad-4e0d-a3f6-94a95546920b
2025-09-28 00:29:37.652+00,acd509aa-b110-4d13-9f30-b42e28e325be,c0d96c7f-5f78-4a59-ac69-341064a37c17,summary,2025-09-28 00:29:37.652+00,f79fa28a-4398-4fd3-b4f5-7509d281bbde
2025-10-12 13:36:58.652+00,72a01133-3d33-4b6d-b9c0-436ac3e038a0,77f3e47f-acf5-4934-b421-d21a394d90d7,byte,2025-10-12 13:36:58.652+00,f802795a-9a55-4590-9222-6e152fa84b9a
2025-09-29 21:30:54.326+00,dcf95cb1-fc75-4dbd-b523-c574f2c57deb,defc4266-1eef-4756-b61c-01836d89b08b,journey,2025-09-29 21:30:54.326+00,f8149b0b-cdbb-4d3d-86ac-eed88ba41e7b
2025-10-05 05:03:18.828+00,8fc84e2a-b0a8-42f7-b660-48b634cd9320,aec0c8f9-b75a-4edc-8e60-dd7b9e92bcea,summary,2025-10-05 05:03:18.828+00,f8212df7-4218-4dce-be1a-6b9b90e76597
2025-09-28 14:37:46.688+00,a2a9c12a-0c3d-4d3b-b9ff-96dc9178a465,43a719d1-b700-44c8-8176-695050ce0287,summary,2025-09-28 14:37:46.688+00,f87d87d7-b43b-4960-b08a-9a7c606c0b71
2025-10-03 20:59:27.447+00,be8f50d8-b5da-45a8-bfef-bbb459a1ca34,f8938abb-9d0a-4c77-9467-2c9685e66861,summary,2025-10-03 20:59:27.447+00,f9a36316-a3d4-47c3-836f-1a22a7d7fc0a
2025-09-29 20:20:35.918+00,bdcd44f3-1d18-408c-b1f3-5caa583f42fa,b775e83f-21a0-490a-8307-0e2e3cabeee8,summary,2025-09-29 20:20:35.918+00,fa9b1edc-27ae-4af9-b715-d9ce76d6358e
2025-10-14 09:33:16.788+00,52fd8b7f-c15e-470a-906b-57a69347da0d,b50e0d58-5ac0-427a-a4de-4b387c1c05b1,summary,2025-10-14 09:33:16.788+00,fae252d9-a016-4fe9-b1b4-00f1eed0ef66
2025-10-07 05:09:54.876+00,435258fb-3957-466d-bacb-449af82e1bec,defc4266-1eef-4756-b61c-01836d89b08b,journey,2025-10-07 05:09:54.876+00,fae5e510-e4c5-4527-bf55-6ecad559b9ba
2025-09-27 19:14:42.765+00,7a719ed0-2e2d-4a9d-821e-81e37a64ec49,2d242a27-75b5-4952-97fa-b30437cef044,summary,2025-09-27 19:14:42.765+00,fda3020b-2208-4c79-b328-5ac52d6a69e7
2025-09-28 10:34:07.967+00,8b64432f-befa-4e38-bb61-428e67c4339f,b2678c2e-0855-4a7b-810c-6bb043a69d3d,byte,2025-09-28 10:34:07.967+00,fe054956-1c46-4147-bfc6-5c302207b973
2025-09-28 09:01:54.768+00,8718ff60-93ee-4bf9-b0e9-672e1fde4dc4,59218631-e747-444e-b35d-c74b250f3a55,byte,2025-09-28 09:01:54.768+00,fed9dd51-db9a-40f9-97cf-9642186b37ae
2025-09-30 08:22:41.072+00,18ca3c9e-83d9-4557-9b96-cd1fd62f8ce6,a3a943ba-0df0-4645-9019-a05abdd2b030,summary,2025-09-30 08:22:41.072+00,ff827e86-0c89-4524-9b22-0bf005dd127e