Question Number,Question,Relevant Tags
Q1,What is your age group?,"[""young adult"", ""early twenties"", ""Gen Z"", ""college age"", ""career starter"", ""emerging adult"", ""millennials"", ""young professional"", ""career building"", ""settling down"", ""early thirties"", ""family planning"", ""mid-career"", ""Gen X"", ""established professional"", ""family focused"", ""midlife"", ""experienced"", ""mature"", ""senior"", ""experienced"", ""wisdom seeker"", ""retirement planning"", ""legacy building""]"
Q2,What's your gender?,"[""male"", ""man"", ""masculine"", ""female"", ""woman"", ""feminine"", ""non-binary"", ""gender diverse"", ""gender fluid"", ""inclusive"", ""privacy"", ""undisclosed"", ""personal choice""]"
Q3,What's your relationship status?,"[""independent"", ""solo"", ""dating"", ""unattached"", ""available"", ""self-focused"", ""partnered"", ""dating"", ""committed"", ""couple"", ""romantic bond"", ""spouse"", ""committed partnership"", ""marital"", ""life partner"", ""family unit"", ""separated"", ""loss"", ""grief"", ""new beginning"", ""single again"", ""life transition""]"
Q4,Do you have kids?,"[""parent"", ""caregiver"", ""family"", ""children"", ""parenting journey"", ""responsible"", ""childless"", ""child-free"", ""independent"", ""personal freedom"", ""solo lifestyle""]"
Q5,What's on your mind these days?,"[""peace"", ""balance"", ""stress relief"", ""mental health"", ""tranquility"", ""mindfulness"", ""emotional stability"", ""self-esteem"", ""confidence building"", ""self-assurance"", ""empowerment"", ""self-belief"", ""courage"", ""connection"", ""communication"", ""intimacy"", ""relationship skills"", ""empathy"", ""social bonds"", ""direction"", ""purpose"", ""career guidance"", ""life path"", ""decision making"", ""clarity seeking"", ""personal growth"", ""self-improvement"", ""development"", ""potential"", ""excellence"", ""transformation"", ""curiosity"", ""knowledge seeker"", ""lifelong learning"", ""intellectual growth"", ""exploration"", ""education"", ""casual"", ""browsing"", ""open-minded"", ""discovery"", ""experimental"", ""curious""]"
Q6,What motivates you the most right now?,"[""inner peace"", ""serenity"", ""calm"", ""mindfulness"", ""meditation"", ""stress-free"", ""harmony"", ""productivity"", ""efficiency"", ""work-life balance"", ""goal achievement"", ""stress management"", ""success"", ""self-discovery"", ""identity"", ""authenticity"", ""introspection"", ""self-awareness"", ""purpose"", ""relationships"", ""caregiving"", ""empathy"", ""connection"", ""love"", ""support"", ""interpersonal skills"", ""meaning"", ""life purpose"", ""direction"", ""vision"", ""mission"", ""clarity"", ""path finding"", ""decision making"", ""wisdom"", ""judgment"", ""priorities"", ""values"", ""intentional living""]"
Q7,How would you relate the following with yourself?,"[""analytical"", ""rational"", ""logical thinker"", ""planner"", ""strategic"", ""systematic"", ""thinking type"", ""empathetic"", ""values-driven"", ""emotional"", ""ethical"", ""compassionate"", ""feeling type"", ""moral"", ""practical"", ""detail-oriented"", ""realistic"", ""concrete"", ""sensory"", ""present-focused"", ""sensing type"", ""intuitive"", ""visionary"", ""creative"", ""innovative"", ""imaginative"", ""future-focused"", ""intuitive type""]"
Q8,How much time do you want to spend daily on yourself?,"[""busy"", ""time-constrained"", ""quick learner"", ""efficient"", ""brief sessions"", ""micro-learning"", ""moderate commitment"", ""balanced"", ""daily habit"", ""consistent"", ""story lover"", ""regular practice"", ""dedicated"", ""deep learner"", ""committed"", ""intensive"", ""thorough"", ""wisdom seeker"", ""patient""]"
Q9,Choose your learning style,"[""methodical"", ""patient"", ""gradual progress"", ""systematic learner"", ""steady growth"", ""incremental"", ""energetic"", ""impact-driven"", ""dynamic"", ""transformational"", ""bold"", ""high-intensity"", ""reflective"", ""philosophical"", ""contemplative"", ""analytical"", ""introspective"", ""thoughtful"", ""practical"", ""results-oriented"", ""pragmatic"", ""action-focused"", ""efficient"", ""no-nonsense""]"
