id,journey_id,step,title,updated_at
0af7f2db-04d6-53c1-856c-a157bad19de6,58e91f4b-a572-522d-909b-ccc65ddb9d49,2,Effortless Focus,2025-09-25 16:48:28.150109+00
1093440c-67e7-47ba-be2a-782028502c92,88ee483a-8760-4caf-9fa6-2a7530f5a439,0,Understanding Stress,2025-09-24 18:26:44.800537+00
1e46e555-4af9-52fc-825a-37c0d8d75cb9,6e8f711a-b1a8-5d02-a0e8-7aef99360e7c,1,Free from Confusion,2025-09-25 20:12:51.82033+00
311ad037-84f4-57f8-92fd-8aa84e086f58,085b1002-d315-5f5a-bd9e-b0e63e119c6f,0,Understanding Loneliness,2025-09-25 20:03:59.783597+00
44f93d33-39c3-4357-b5b3-2af0c217febe,0610db47-e2f8-43c9-8f47-fd23c8f18ba2,2,Learning To Heal Yourself,2025-09-24 12:01:33.165721+00
71043452-7b12-4493-96c8-2037439bdb41,0610db47-e2f8-43c9-8f47-fd23c8f18ba2,0,Understanding Anger,2025-09-24 12:01:33.165721+00
80d9c02b-f1c6-597b-accd-7129755c3a99,6e8f711a-b1a8-5d02-a0e8-7aef99360e7c,0,The Source of Confusion,2025-09-25 20:12:51.732624+00
847067e7-e5a5-4026-8027-9b318812af02,ed364aba-85e7-44fd-801d-499307199b5f,1,Understanding Habits,2025-09-24 12:01:33.165721+00
84708ced-7e2f-5ad5-8ab4-abbd738d5a3e,defc4266-1eef-4756-b61c-01836d89b08b,4,Free Yourself: The Third Pillar,2025-09-24 11:59:23.540826+00
85323c30-17dd-4169-aaae-c6321d498909,ed364aba-85e7-44fd-801d-499307199b5f,2,How To Build A Habit,2025-09-24 12:01:33.165721+00
881c98d5-8bc8-466c-917b-cf91e721c819,88ee483a-8760-4caf-9fa6-2a7530f5a439,2,Transforming Stress,2025-09-24 18:26:45.020409+00
a1fba066-6d8e-5942-bfe7-cd41fceb3972,085b1002-d315-5f5a-bd9e-b0e63e119c6f,1,Rewiring for Meaningful Connection,2025-09-25 20:03:59.912438+00
c5c34816-3570-53cb-bc0b-8d5cc8ebcf9d,defc4266-1eef-4756-b61c-01836d89b08b,1,Introduction,2025-09-24 11:59:23.540826+00
cf6a5ab3-5a87-582d-9e6e-7242d32f6274,6e8f711a-b1a8-5d02-a0e8-7aef99360e7c,2,Finding Clarity,2025-09-25 20:12:51.893744+00
d4342060-4f6d-51e6-bb5c-fff65947dc60,58e91f4b-a572-522d-909b-ccc65ddb9d49,0,Understanding Focus,2025-09-25 16:48:27.886849+00
dcfd619a-542f-57f8-9cc2-2e122d153da5,085b1002-d315-5f5a-bd9e-b0e63e119c6f,2,Cultivating Connections,2025-09-25 20:04:00.043325+00
ddcb31ab-b544-51f7-999e-d4f230095371,58e91f4b-a572-522d-909b-ccc65ddb9d49,1,Forging a Centered Mind,2025-09-25 16:48:28.059571+00
deabba62-7a49-45b1-b058-74933fc1d7c2,0610db47-e2f8-43c9-8f47-fd23c8f18ba2,1,Regulating Anger,2025-09-24 12:01:33.165721+00
e2355a86-33f0-42eb-a5e9-86ef3154efdf,88ee483a-8760-4caf-9fa6-2a7530f5a439,1,Regulating Stress,2025-09-24 18:26:44.965291+00
e8f39bb6-a5f3-490f-941b-40bb41c75ab8,ed364aba-85e7-44fd-801d-499307199b5f,3,How To Make Habits Stick,2025-09-24 12:01:33.165721+00
efb8e124-09dc-5335-9641-c6112754ae8c,defc4266-1eef-4756-b61c-01836d89b08b,2,Know Yourself: The First Pillar,2025-09-24 11:59:23.540826+00
f9f9ddfc-0a5e-5f74-baf7-818873537e44,defc4266-1eef-4756-b61c-01836d89b08b,3,Grow Yourself: The Second Pillar,2025-09-24 11:59:23.540826+00