created_at,content,updated_at,book_name,author,id,source_id,published,source
2025-09-12 02:56:12.303283+00,"When you want something, all the universe conspires in helping you to achieve it.",2025-09-12 02:56:12.303283,The Alchemist,Paulo Coelho,00797768-b8b1-47ea-a051-8ca40429316f,,false,
2025-09-12 02:56:02.30121+00,"When rooted in love, patience, and humility, families and individuals thrive.",2025-09-12 02:56:02.30121,The Wisdom Bridge,Daaji (Kamlesh D. Patel),0683186c-a8c7-4c8a-8bce-2119936413c9,,false,
2025-09-12 02:56:08.821385+00,"When you follow your heart and listen to the omens, you unlock the potential for true fulfillment and joy.",2025-09-12 02:56:08.821385,The Alchemist,Paulo Coelho,183a68d8-fcea-49e7-9896-f5bb05f65cf9,efe8d5ac568b,false,
2025-09-12 02:56:07.799732+00,"The secret of happiness is to see all the marvels of the world, and never to forget the drops of oil on the spoon.",2025-09-12 02:56:07.799732,The Alchemist,Paulo Coelho,19fe1b4a-5bbc-42bb-af1e-015bd84628fb,,false,
2025-09-12 02:56:01.484651+00,"True wisdom is experienced, not just understood.",2025-09-12 02:56:01.484651,The Heartfulness Way,"Joshua Pollock, Kamlesh D. Patel",1cdc192c-7c35-4153-8cf0-cd511b136d4b,,false,
2025-09-12 02:56:08.415212+00,The journey itself has transformed him in ways he never anticipated.,2025-09-12 02:56:08.415212,The Alchemist,Paulo Coelho,2034d875-e256-458f-a8ad-c8ecfbd07b4a,,false,
2025-09-12 02:56:09.226384+00,The true treasure is often found within the journey itself and the wisdom gained along the way.,2025-09-12 02:56:09.226384,The Alchemist,Paulo Coelho,30e8e185-c67a-4841-8ed9-652b510ef372,,false,
2025-09-12 02:56:04.012252+00,The treasure we seek is often not merely material wealth but the wisdom and experiences that shape us along the way.,2025-09-12 02:56:04.012252,The Alchemist,Paulo Coelho,345d3044-1b60-4684-b12e-ef424c9e8611,,false,
2025-09-12 02:56:01.080046+00,"The journey is infinite, and the only true progress is inner love and surrender.",2025-09-12 02:56:01.080046,The Heartfulness Way,"Joshua Pollock, Kamlesh D. Patel",385ccae3-4c44-46fa-aa89-6b94d1304ff0,,false,
2025-09-12 02:56:00.844584+00,The greatest wealth we can give our children is conscious love and inner harmony.,2025-09-12 02:56:00.844584,The Wisdom Bridge,Daaji (Kamlesh D. Patel),40fbf41c-9bc6-4a8c-8b30-0771bb57e8aa,,false,
2025-09-12 02:56:00.73575+00,You can make more friends in two months by becoming interested in other people than you can in two years by trying to get other people interested in you.,2025-09-12 02:56:00.73575,How to Win Friends and Influence People,Dale Carnegie,49caee93-be4b-4ba7-95db-e8ddb18276b1,,false,
2025-09-12 02:56:11.614329+00,"When you pursue your dreams, the universe conspires to help you achieve them.",2025-09-12 02:56:11.614329,The Alchemist,Paulo Coelho,4fba6d9c-0813-4269-8d19-aa340a2800d1,,false,
2025-09-12 02:56:10.979314+00,"True transformation begins from within, highlighting meditation as a vehicle for personal evolution.",2025-09-12 02:56:10.979314,The Heartfulness Way: Heart-Based Meditations for Spiritual Transformation,Joshua Pollock and Kamlesh D. Patel,6207f31f-d56e-412f-9c85-d972def83299,,false,
2025-09-12 02:55:59.422329+00,Real wisdom is not mere bookish knowledge; it is the experience of the Infinite within.,2025-09-12 02:55:59.422329,Towards Infinity (Anantkior),Ram Chandra,66fded73-850c-4765-8b76-d68f4a5055b4,,false,
2025-09-12 02:56:06.996912+00,The universe conspires to help those who pursue their dreams.,2025-09-12 02:56:06.996912,The Alchemist,Paulo Coelho,6a4d851e-7b3b-43f4-b3e9-b3be845081c4,,false,
2025-09-12 02:56:01.675103+00,"The divine resides quietly within our hearts, waiting to be awakened through simple, sincere practices.",2025-09-12 02:56:01.675103,The Heartfulness Way,"Joshua Pollock, Kamlesh D. Patel",6c553ef1-d345-4a80-831b-174b4b7efcf9,,false,
2025-09-12 02:56:15.061637+00,"The greatest gift we can give our children is the cultivation of inner virtues and a compassionate, balanced lifestyle.",2025-09-12 02:56:15.061637,The Wisdom Bridge,Daaji (Kamlesh D. Patel),6edb8659-490c-493a-aa51-0fda29d0d589,,false,
2025-09-12 02:56:13.02101+00,"When we strive to become better than we are, everything around us becomes better too.",2025-09-12 02:56:13.02101,The Alchemist,Paulo Coelho,73f178b6-5483-4e6f-a701-66a0b60908fd,,false,
2025-09-12 02:56:09.841842+00,"When we strive to become better than we are, everything around us becomes better too.",2025-09-12 02:56:09.841842,The Alchemist,Paulo Coelho,76188c8e-7a56-4dae-b99b-aff3d8999683,,false,
2025-09-12 02:56:04.32153+00,The journey itself is as valuable as the goal.,2025-09-12 02:56:04.32153,The Alchemist,Paulo Coelho,7777bbb1-0ec7-456d-a12d-9b29f48c5e9d,,false,
2025-09-12 02:56:01.257056+00,"The psyche is a living organism, revealing its truth through the harmony of conscious and unconscious processes.",2025-09-12 02:56:01.257056,Unknown,Unknown,80757a66-d933-40b5-b685-67915fbba020,,false,
2025-09-12 02:56:08.638233+00,"The secret of happiness is to see all the marvels of the world, and never to forget the drops of oil on the spoon.",2025-09-12 02:56:08.638233,The Alchemist,Paulo Coelho,8bdb458c-fd1c-4502-97eb-4ac89a322305,,false,
2025-09-12 02:56:04.213554+00,The journey toward achieving one's dreams often involves letting go of fear and embracing the unknown.,2025-09-12 02:56:04.213554,The Alchemist,Paulo Coelho,8fa838c8-0fe5-4018-adb5-1d3bce68c564,,false,
2025-09-12 02:55:59.622816+00,"Surrender yourself wholly to the divine Master, and you will be in constant touch with Reality.",2025-09-12 02:55:59.622816,Role of the Abhyasi in Sahaj Marg,Shri Ram Chandra,95cd8cf2-0f7f-423e-874c-8f5fbb34d076,,false,
2025-09-12 02:56:04.863165+00,The journey tests our resolve and teaches us valuable lessons.,2025-09-12 02:56:04.863165,The Alchemist,Paulo Coelho,9810c2e0-2c2f-46c9-9309-189eeb5eea68,,false,
2025-09-12 02:56:11.817071+00,"The essence of spirituality lies within, waiting to be discovered and embraced.",2025-09-12 02:56:11.817071,The Heartfulness Way: Heart-Based Meditations for Spiritual Transformation,"Joshua Pollock, Kamlesh D. Patel",a01ec16c-b013-4ee1-813f-487eec3b210e,,false,
2025-09-12 02:56:03.610619+00,The journey is as significant as the destination.,2025-09-12 02:56:03.610619,The Alchemist,Paulo Coelho,a638df26-ed09-46b3-9eee-0ec6784a41c9,,false,
2025-09-12 02:56:06.162984+00,"The treasure we seek often lies not in material wealth, but in the experiences, relationships, and wisdom gained along the way.",2025-09-12 02:56:06.162984,The Alchemist,Paulo Coelho,a790e1eb-872a-4806-8c28-d1965193ab02,,false,
2025-09-12 02:56:02.068922+00,The greatest guru is within—the divine Self residing in your heart.,2025-09-12 02:56:02.068922,The Heartfulness Way,"Joshua Pollock, Kamlesh D. Patel",a953c142-5ccd-4672-bbb2-2fa26d2d41f2,,false,
2025-09-12 02:56:13.637169+00,"When we listen to our hearts and embrace the signs of the universe, we can uncover the treasures that lie within us.",2025-09-12 02:56:13.637169,The Alchemist,Paulo Coelho,abbb3a4b-046e-4acc-833a-db0c67e31dc3,,false,
2025-09-12 02:56:06.77487+00,The treasure lies not in the destination but in the journey and the lessons learned.,2025-09-12 02:56:06.77487,The Alchemist,Paulo Coelho,bd7ad80e-8974-44c1-82c5-79e43b420e89,,false,
2025-09-12 02:56:07.235338+00,The greatest treasures are often found through the trials of the journey.,2025-09-12 02:56:07.235338,The Alchemist,Paulo Coelho,bebd079b-8e5b-4ab7-b0da-8fcaece30784,,false,
2025-09-12 02:56:11.385834+00,"The treasure you seek is often closer than you think, residing within your own heart.",2025-09-12 02:56:11.385834,The Alchemist,Paulo Coelho,c4abdbaa-eee8-4751-93c3-09d8167d7eee,,false,
2025-09-12 02:56:08.221766+00,"When you pursue your dreams with passion, the universe conspires to help you achieve them.",2025-09-12 02:56:08.221766,The Alchemist,Paulo Coelho,c66bd050-bbb8-408f-af7e-8f331b5d259b,,false,
2025-09-12 02:56:10.048067+00,The journey toward your dreams is as important as the dreams themselves.,2025-09-12 02:56:10.048067,The Alchemist,Paulo Coelho,d2014876-916c-402e-a14b-901b77ed456c,,false,
2025-09-12 02:56:10.674997+00,"The treasure we seek often lies not in material wealth but in the experiences, relationships, and self-discovery that shape our lives.",2025-09-12 02:56:10.674997,The Alchemist,Paulo Coelho,d80ac37b-bf51-469f-957b-ecd7a1f2207b,,false,
2025-09-12 02:56:11.194521+00,Are you what you ought to be?,2025-09-12 02:56:11.194521,The Heartfulness Way: Heart-Based Meditations for Spiritual Transformation,Joshua Pollock & Kamlesh D. Patel,db771f70-f56c-4950-91c8-88f0b3db5fc5,,false,
2025-09-12 02:56:12.853492+00,"When we dare to follow our hearts, we can uncover the riches of life hidden within us all.",2025-09-12 02:56:12.853492,The Alchemist,Paulo Coelho,dc694aa8-1743-413e-b263-ed7241441717,,false,
2025-09-12 02:56:09.646985+00,The true value of life is found in the connections we make and the lessons we learn.,2025-09-12 02:56:09.646985,The Alchemist,Paulo Coelho,dc745970-31ca-4b32-b15d-9f2dfc839a92,,false,
2025-09-12 02:56:00.261651+00,"Money is only an idea. If you want more money, simply change your thinking.",2025-09-12 02:56:00.261651,"Rich Dad, Poor Dad",Robert T. Kiyosaki and Sharon Lechter,e3f41b85-ec70-403c-aaa7-e072fe834493,,false,
2025-09-12 02:56:01.931503+00,"Your inner journey is ongoing, and the greatest guru resides within.",2025-09-12 02:56:01.931503,The Heartfulness Way,"Joshua Pollock, Kamlesh D. Patel",ee69c672-ea26-4fc0-b92a-8d25077af54b,,false,
2025-09-12 02:56:02.888431+00,"""Listen to your hearts, embrace the journey of self-discovery, and cultivate a deeper connection with the divine.""",2025-09-12 02:56:02.888431,The Heartfulness Way: Heart-Based Meditations for Spiritual Transformation,Joshua Pollock & Kamlesh D. Patel,fab7d77e-e1dd-4eb2-9078-a568d132a675,,false,