id,created_at,source_id,total_duration,title,author,category,cover_page,total_chapters,audio,tagline,source,priority,published,updated_at
025020aa-1e2c-45a1-9eb1-b5b034d7095b,2025-09-23 17:49:04.428019+00,d8b4e98978b045d3316f7985,15:49,The 80-20 Principle,Richard Koch,Productivity,https://ziifsmeagbyyjsnmxwns.supabase.co/storage/v1/object/public/content/summaries/cover-pages/d8b4e98978b045d3316f7985_The 80-20 Principle.webp?,6,https://ziifsmeagbyyjsnmxwns.supabase.co/storage/v1/object/public/content/summaries/audio/d8b4e98978b045d3316f7985_The 80-20 Principle.mp3?,Maximize your results with minimal effort by applying the 80/20 principle in every aspect of life.,false,false,true,2025-09-24 11:56:40.591511+00
09e639ce-3634-416f-bfea-be3e8d9e7875,2025-09-26 04:24:42+00,a5868c55e607ed00ff508d98,18:25,Why We Sleep,Matthew Walker,Health,https://ziifsmeagbyyjsnmxwns.supabase.co/storage/v1/object/public/content/summaries/cover-pages/Why%20we%20sleep.webp,8,https://ziifsmeagbyyjsnmxwns.supabase.co/storage/v1/object/public/content/summaries/audio/Why_we_sleeep.mp3,Unlocking the Power of Sleep and Dreams,false,true,true,2025-09-24 11:56:40.591511+00
0df57221-d0ad-4377-a47c-33f2d4b47aa3,2025-09-26 04:16:49.75462+00,23dfcb70065b3bb2750fbe53,02:41,Descartes' Error,Antonio Damasio,Psychology,https://ziifsmeagbyyjsnmxwns.supabase.co/storage/v1/object/public/content/summaries/cover-pages/23dfcb70065b3bb2750fbe53_Descartes'_Error.webp?,5,https://ziifsmeagbyyjsnmxwns.supabase.co/storage/v1/object/public/content/summaries/audio/23dfcb70065b3bb2750fbe53_Descartes' Error_voice.mp3?,"Explore the intricate relationship between emotions and rational thought, and how they shape our lives.",,false,true,2025-09-26 04:16:49.75462+00
0f9e95c6-9395-43a5-825c-eabc6acc5785,2025-09-23 17:49:23.850804+00,bd9fe602d665f477bd8c2d91,19:50,Work Backwards,Tim Duggan,Leadership,https://ziifsmeagbyyjsnmxwns.supabase.co/storage/v1/object/public/content/summaries/cover-pages/bd9fe602d665f477bd8c2d91_Work Backwards.webp?,4,https://ziifsmeagbyyjsnmxwns.supabase.co/storage/v1/object/public/content/summaries/audio/bd9fe602d665f477bd8c2d91_Work Backwards.mp3?,Learn the principles of successful business strategy from Amazon's story and apply them to your ventures.,false,false,true,2025-09-24 11:56:40.591511+00
11383138-38f7-400a-bc7b-577ccbb7c841,2025-09-19 20:32:30+00,b88f3b60363f528f4252ccb0,25:35,Why Zebras Don't Get Ulcers,Robert M. Sapolsky,Health,https://ziifsmeagbyyjsnmxwns.supabase.co/storage/v1/object/public/content/summaries/cover-pages/Why%20Zebras%20Don't%20Get%20Ulcer.webp,8,https://ziifsmeagbyyjsnmxwns.supabase.co/storage/v1/object/public/content/summaries/audio/Why%20Zebras%20don_t%20get%20Ulcers.mp3,"The Acclaimed Guide to Stress, Stress-Related Diseases and Coping",false,true,true,2025-09-24 11:56:40.591511+00
13ced9d5-82c3-4224-88f8-6ec61702a1fd,2025-09-23 17:49:10.993718+00,f10867f03ab0e2c362b34501,24:18,Drive: The Surprising Truth About What Motivates Us,Daniel H. Pink,Mind,https://ziifsmeagbyyjsnmxwns.supabase.co/storage/v1/object/public/content/summaries/cover-pages/f10867f03ab0e2c362b34501_Drive: The Surprising Truth About What Motivates Us.webp?,8,https://ziifsmeagbyyjsnmxwns.supabase.co/storage/v1/object/public/content/summaries/audio/f10867f03ab0e2c362b34501_Drive: The Surprising Truth About What Motivates Us.mp3?,,false,false,true,2025-09-24 11:56:40.591511+00
14b45c14-180f-42da-aaa8-60cbf39fd892,2025-09-26 04:16:39.864547+00,0655db7246b30f030fcd7788,19:30,A Liberated Mind,Steven C. Hayes,Psychology,https://ziifsmeagbyyjsnmxwns.supabase.co/storage/v1/object/public/content/summaries/cover-pages/0655db7246b30f030fcd7788_A_Liberated_Mind.webp?,7,https://ziifsmeagbyyjsnmxwns.supabase.co/storage/v1/object/public/content/summaries/audio/0655db7246b30f030fcd7788_A Liberated Mind_voice.mp3?,Unlock the power of your mind through acceptance and commitment strategies that lead to a more fulfilling life.,,false,true,2025-09-26 04:16:39.864547+00
14c8a161-850f-42b3-a77b-8e8647a167c1,2025-09-23 17:49:10.124657+00,d418a4f13569b41b3734d2da,22:05,Kaizen,Sarah Harvey,Productivity,https://ziifsmeagbyyjsnmxwns.supabase.co/storage/v1/object/public/content/summaries/cover-pages/d418a4f13569b41b3734d2da_Kaizen.webp?,7,https://ziifsmeagbyyjsnmxwns.supabase.co/storage/v1/object/public/content/summaries/audio/d418a4f13569b41b3734d2da_Kaizen.mp3?,Embrace the philosophy of continuous improvement to enhance every aspect of your life.,false,false,true,2025-09-24 11:56:40.591511+00
167b566d-59b5-4e0c-97fd-0ccb5fb66b43,2025-09-23 17:49:23.022115+00,984b19c95a948d501c94df75,15:45,Wintering,Katherine May,Personal Development,https://ziifsmeagbyyjsnmxwns.supabase.co/storage/v1/object/public/content/summaries/cover-pages/984b19c95a948d501c94df75_Wintering.webp?,5,https://ziifsmeagbyyjsnmxwns.supabase.co/storage/v1/object/public/content/summaries/audio/984b19c95a948d501c94df75_Wintering.mp3?,"Embrace the seasons of life and discover the beauty in resting, reflection, and resilience.",false,false,true,2025-09-24 11:56:40.591511+00
16d1baef-8193-4e05-a831-6e389afc66d4,2025-09-26 04:17:07.212781+00,91bb92b28da15b7b394e4589,22:21,Complete Works of Ram Chandra vol. 3,Shri Ram Chandra,Spirituality,https://ziifsmeagbyyjsnmxwns.supabase.co/storage/v1/object/public/content/summaries/cover-pages/91bb92b28da15b7b394e4589_Complete Works of Ram Chandra vol. 3.webp?,10,https://ziifsmeagbyyjsnmxwns.supabase.co/storage/v1/object/public/content/summaries/audio/CWRC_3.mp3,Delve deeper into the profound wisdom and spiritual insights of Ram Chandra.,heartfulness,false,true,2025-09-26 04:17:07.212781+00
1a93d805-1664-4dce-b0ae-255450cc020d,2025-09-23 17:49:01.750206+00,139324fd4ae58251758e3b33,21:30,The Oxygen Advantage,Patrick McKeown,Body,https://ziifsmeagbyyjsnmxwns.supabase.co/storage/v1/object/public/content/summaries/cover-pages/139324fd4ae58251758e3b33_The Oxygen Advantage.webp?,7,https://ziifsmeagbyyjsnmxwns.supabase.co/storage/v1/object/public/content/summaries/audio/139324fd4ae58251758e3b33_The Oxygen Advantage.mp3?,,false,false,true,2025-09-24 11:56:40.591511+00
1e342192-614d-4dfd-84e7-886ba37f9cd6,2025-09-26 04:16:48.522718+00,5a35031a66e37f5c4932e343,07:44,10% Happier,Dan Harris,Meditation,https://ziifsmeagbyyjsnmxwns.supabase.co/storage/v1/object/public/content/summaries/cover-pages/Happier.webp,7,https://ziifsmeagbyyjsnmxwns.supabase.co/storage/v1/object/public/content/summaries/audio/Happier_voice.mp3,Join a skeptical news anchor on his journey to mindfulness and discover how a little meditation can lead to a happier life.,,false,true,2025-09-26 04:16:48.522718+00
1f59ffa1-9386-4b22-8eeb-a1c068a22b7b,2025-09-26 04:16:53.871535+00,61ce251e77b1af9e970fcc58,16:58,How We Grow Up,Matt Richtel,Psychology,https://ziifsmeagbyyjsnmxwns.supabase.co/storage/v1/object/public/content/summaries/cover-pages/61ce251e77b1af9e970fcc58_How_We_Grow_Up.webp?,7,https://ziifsmeagbyyjsnmxwns.supabase.co/storage/v1/object/public/content/summaries/audio/61ce251e77b1af9e970fcc58_How We Grow Up_voice.mp3?,Delve into the complexities of modern childhood and how our environment shapes the growth of the next generation.,,false,true,2025-09-26 04:16:53.871535+00
24967f78-2309-4bc4-9e98-bfe84c10b265,2025-09-23 17:49:07.379292+00,96f4b661177d315c6beec321,23:23,Essentialism,Greg McKeown,Productivity,https://ziifsmeagbyyjsnmxwns.supabase.co/storage/v1/object/public/content/summaries/cover-pages/96f4b661177d315c6beec321_Essentialism.webp?,7,https://ziifsmeagbyyjsnmxwns.supabase.co/storage/v1/object/public/content/summaries/audio/96f4b661177d315c6beec321_Essentialism.mp3?,Learn how to eliminate the non-essential and focus on what truly matters in your life.,false,false,true,2025-09-24 11:56:40.591511+00
25811f23-9b99-407f-96fd-1bf9b08a483d,2025-09-23 17:49:17.560432+00,5e3667a8f9f8ba58fbf25dd3,20:34,Letting Go,David R. Hawkins,Spirituality,https://ziifsmeagbyyjsnmxwns.supabase.co/storage/v1/object/public/content/summaries/cover-pages/5e3667a8f9f8ba58fbf25dd3_Letting Go.webp?,7,https://ziifsmeagbyyjsnmxwns.supabase.co/storage/v1/object/public/content/summaries/audio/5e3667a8f9f8ba58fbf25dd3_Letting Go.mp3?,Discover the transformative power of letting go and how it can lead to inner peace.,false,false,true,2025-09-24 11:56:40.591511+00
2610c709-8108-4e18-aca5-a71b6e8e9fc3,2025-09-27 12:33:06+00,d3dd99f3976e3d5af5aa9afb,19:59,In the Company of Babuji,Y K Gupta,Spirituality,https://ziifsmeagbyyjsnmxwns.supabase.co/storage/v1/object/public/content/summaries/cover-pages/In%20the%20Company%20of%20Babuji.webp,8,https://ziifsmeagbyyjsnmxwns.supabase.co/storage/v1/object/public/content/summaries/audio/In_the_Company_of_Babuji.mp3,"Journey through the life and teachings of Babuji, a spiritual mentor, and discover the essence of love and service.",heartfulness,true,true,2025-09-24 11:56:40.591511+00
28469365-e6fc-40a6-bf9f-71ca324ff20f,2025-09-23 18:35:14.333032+00,f984ee4a3a5102f135c41810,18:06,The Willpower Instinct,Kelly McGonigal,Personal Development,https://ziifsmeagbyyjsnmxwns.supabase.co/storage/v1/object/public/content/summaries/cover-pages/The_Willpower_Instinct_cover.webp,8,https://ziifsmeagbyyjsnmxwns.supabase.co/storage/v1/object/public/content/summaries/audio/The%20Willpower%20Instinct.mp3,Understand the science behind willpower and develop strategies to strengthen your self-control.,false,false,true,2025-09-24 11:56:40.591511+00
299c30e8-3edd-43ab-995a-6ad132833700,2025-09-26 04:12:30.68479+00,014e7a5e7a97a09223faf550,22:17,Get Smart,Brian Tracy,Productivity,https://ziifsmeagbyyjsnmxwns.supabase.co/storage/v1/object/public/content/summaries/cover-pages/014e7a5e7a97a09223faf550_Get_Smart.webp?,7,https://ziifsmeagbyyjsnmxwns.supabase.co/storage/v1/object/public/content/summaries/audio/014e7a5e7a97a09223faf550_Get Smart_voice.mp3?,Master the art of productivity with proven strategies to maximize your time and achieve your goals.,,false,true,2025-09-26 04:12:30.68479+00
2a74d26c-076c-4b3d-8788-b9eeedfefa06,2025-09-23 17:49:14.579182+00,01e6fc00a79967d9f1a198fa,15:48,The Joy of Movement,Kelly McGonigal,Body,https://ziifsmeagbyyjsnmxwns.supabase.co/storage/v1/object/public/content/summaries/cover-pages/01e6fc00a79967d9f1a198fa_The Joy of Movement.webp?,6,https://ziifsmeagbyyjsnmxwns.supabase.co/storage/v1/object/public/content/summaries/audio/01e6fc00a79967d9f1a198fa_The Joy of Movement.mp3?,,false,false,true,2025-09-24 11:56:40.591511+00
2b52a143-4a36-4e1e-b202-05decb29be48,2025-09-26 04:16:40.395066+00,57e8bfc878ca2237a3a4f0a1,18:44,Burnout: The Secret to Unlocking the Stress Cycle,Emily Nagoski & Amelia Nagoski,Health,https://ziifsmeagbyyjsnmxwns.supabase.co/storage/v1/object/public/content/summaries/cover-pages/57e8bfc878ca2237a3a4f0a1_Burnout: The Secret to Unlocking the Stress Cycle.webp?,6,https://ziifsmeagbyyjsnmxwns.supabase.co/storage/v1/object/public/content/summaries/audio/Burnout_%20The%20Secret%20to%20Unlocking%20the%20Stress%20Cycle_voice.mp3,Uncover the secrets to breaking free from the cycles of stress and burnout to reclaim your well-being.,,false,true,2025-09-26 04:16:40.395066+00
2b596717-2692-44b6-a768-5339499c4490,2025-09-27 12:33:17+00,c47c7806-0f43-4e18-aff8-d0abfb115aa5,17:41,Spiritual Anatomy,Kamlesh D Patel,Spirituality,https://ziifsmeagbyyjsnmxwns.supabase.co/storage/v1/object/public/content/summaries/cover-pages/Spiritual%20Anatomy.webp,8,https://ziifsmeagbyyjsnmxwns.supabase.co/storage/v1/object/public/content/summaries/audio/Spiritual_Anatomy.mp3,"How to Use Your Inner Map to Find Peace, Clarity, and Purpose.",heartfulness,true,true,2025-09-24 11:56:40.591511+00
2d242a27-75b5-4952-97fa-b30437cef044,2025-09-23 17:48:59.83202+00,c1645e3b17312f5cc2d7d9c3,14:11,Spiders Web vol. 3,Shri Parthasarathi Rajagopalachari,Philosophy,https://ziifsmeagbyyjsnmxwns.supabase.co/storage/v1/object/public/content/summaries/cover-pages/c1645e3b17312f5cc2d7d9c3_Spiders Web vol. 3.webp?,6,https://ziifsmeagbyyjsnmxwns.supabase.co/storage/v1/object/public/content/summaries/audio/c1645e3b17312f5cc2d7d9c3_Spiders Web vol. 3.mp3?,Explore deeper philosophical inquiries that provoke thought and introspection.,heartfulness,false,true,2025-09-24 11:56:40.591511+00
32b234ff-b9cb-4f14-b896-ee2d7c7c4eeb,2025-09-26 04:26:46+00,c989f8e07b9d7b23daccb35c,16:11,Atomic Habits,James Clear,Personal Development,https://ziifsmeagbyyjsnmxwns.supabase.co/storage/v1/object/public/content/summaries/cover-pages/Atomic%20Habits.webp,9,https://ziifsmeagbyyjsnmxwns.supabase.co/storage/v1/object/public/content/summaries/audio/Atomic_Habits.mp3,An Easy & Proven Way to Build Good Habits & Break Bad Ones,false,true,true,2025-09-24 11:56:40.591511+00
36ae6cf7-ac28-4527-974f-c4803e6d520c,2025-09-23 17:49:14.956674+00,4337318ce0b73121980ba6bd,22:38,The Man Who Mistook His Wife for a Hat,Oliver Sacks,Body,https://ziifsmeagbyyjsnmxwns.supabase.co/storage/v1/object/public/content/summaries/cover-pages/4337318ce0b73121980ba6bd_The Man Who Mistook His Wife for a Hat.webp?,7,https://ziifsmeagbyyjsnmxwns.supabase.co/storage/v1/object/public/content/summaries/audio/4337318ce0b73121980ba6bd_The Man Who Mistook His Wife for a Hat.mp3?,,false,false,true,2025-09-24 11:56:40.591511+00
379ff91d-bf6a-4f2c-adb5-1f0b5a86ed37,2025-09-23 17:49:08.831784+00,8cb3291650a9b389db7c4c9e,25:03,The Body: A Guide for Occupants,Bill Bryson,Body,https://ziifsmeagbyyjsnmxwns.supabase.co/storage/v1/object/public/content/summaries/cover-pages/8cb3291650a9b389db7c4c9e_The Body: A Guide for Occupants.webp?,10,https://ziifsmeagbyyjsnmxwns.supabase.co/storage/v1/object/public/content/summaries/audio/8cb3291650a9b389db7c4c9e_The Body: A Guide for Occupants.mp3?,,false,false,true,2025-09-24 11:56:40.591511+00
3866f912-9e13-443e-a2ac-2d3e5dfc6770,2025-09-23 17:49:17.986553+00,cc41f9b703f241606377d8b3,20:27,Willpower: Rediscovering the Greatest Human Strength,Roy F. Baumeister & John Tierney,Mind,https://ziifsmeagbyyjsnmxwns.supabase.co/storage/v1/object/public/content/summaries/cover-pages/cc41f9b703f241606377d8b3_Willpower: Rediscovering the Greatest Human Strength.webp?,6,https://ziifsmeagbyyjsnmxwns.supabase.co/storage/v1/object/public/content/summaries/audio/cc41f9b703f241606377d8b3_Willpower: Rediscovering the Greatest Human Strength.mp3?,,false,false,true,2025-09-24 11:56:40.591511+00
388dad7b-f42a-4100-b536-b1d8f05be800,2025-09-23 17:49:06.473645+00,3997d754550dfa0590e4c1bb,14:48,The Loneliness Cure,Kory Floyd,Psychology,https://ziifsmeagbyyjsnmxwns.supabase.co/storage/v1/object/public/content/summaries/cover-pages/3997d754550dfa0590e4c1bb_The Loneliness Cure.webp?,6,https://ziifsmeagbyyjsnmxwns.supabase.co/storage/v1/object/public/content/summaries/audio/3997d754550dfa0590e4c1bb_The Loneliness Cure.mp3?,Discover strategies to overcome loneliness and build meaningful connections.,false,false,true,2025-09-24 11:56:40.591511+00
3bf7254b-f2c6-4d5d-854f-67bc3c6bcca7,2025-09-23 17:49:20.928054+00,8cec5935753d4a91a0af9f79,23:50,Complete Works of Ram Chandra vol. 2,Shri Ram Chandra,Spirituality,https://ziifsmeagbyyjsnmxwns.supabase.co/storage/v1/object/public/content/summaries/cover-pages/8cec5935753d4a91a0af9f79_Complete Works of Ram Chandra vol. 2.webp?,8,https://ziifsmeagbyyjsnmxwns.supabase.co/storage/v1/object/public/content/summaries/audio/CWRC_2.mp3,Continue your journey through the rich spiritual teachings of Ram Chandra.,heartfulness,false,true,2025-09-24 11:56:40.591511+00
3d169644-3402-45a5-806c-52080d3e6d3f,2025-09-23 17:48:56.054737+00,48b88d565dd40b745de573db,15:30,Chatter: The Voice in Our Head and How to Harness It,Ethan Kross,Mind,https://ziifsmeagbyyjsnmxwns.supabase.co/storage/v1/object/public/content/summaries/cover-pages/48b88d565dd40b745de573db_Chatter: The Voice in Our Head and How to Harness It.webp?,6,https://ziifsmeagbyyjsnmxwns.supabase.co/storage/v1/object/public/content/summaries/audio/48b88d565dd40b745de573db_Chatter: The Voice in Our Head and How to Harness It.mp3?,,false,false,true,2025-09-24 11:56:40.591511+00
3ef49ec5-78ce-460f-9c30-9513a07e96d4,2025-09-26 04:12:36.268193+00,a8c60e6fda2546b5c45c4c41,24:12,How Not to Die,"Michael Greger, M.D.",Health,https://ziifsmeagbyyjsnmxwns.supabase.co/storage/v1/object/public/content/summaries/cover-pages/a8c60e6fda2546b5c45c4c41_How_Not_to_Die.webp?,8,https://ziifsmeagbyyjsnmxwns.supabase.co/storage/v1/object/public/content/summaries/audio/a8c60e6fda2546b5c45c4c41_How Not to Die_voice.mp3?,"Learn how dietary choices can prevent and reverse disease, empowering you to live a longer, healthier life.",,false,true,2025-09-26 04:12:36.268193+00
43a719d1-b700-44c8-8176-695050ce0287,2025-09-27 12:33:45+00,95b1978a71e52fa496bd3992,21:09,The Wisdom Bridge,Kamlesh D. Patel,Personal Development,https://ziifsmeagbyyjsnmxwns.supabase.co/storage/v1/object/public/content/summaries/cover-pages/The%20Wisdom%20Bridge.webp,11,https://ziifsmeagbyyjsnmxwns.supabase.co/storage/v1/object/public/content/summaries/audio/The_Wisdom_Bridge.mp3,Nine Principles to a Life that Echoes in the Hearts of Your Loved Ones,heartfulness,true,true,2025-09-24 11:56:40.591511+00
44bf9a51-ea26-47c9-b6a5-40ae25e5e6ad,2025-09-23 17:49:12.760213+00,d40298c9faeed5fa0871d52a,21:45,The Not To Do List,Rolf Dobelli,Productivity,https://ziifsmeagbyyjsnmxwns.supabase.co/storage/v1/object/public/content/summaries/cover-pages/d40298c9faeed5fa0871d52a_The Not To Do List.webp?,8,https://ziifsmeagbyyjsnmxwns.supabase.co/storage/v1/object/public/content/summaries/audio/d40298c9faeed5fa0871d52a_The Not To Do List.mp3?,Simplify your life and boost productivity by focusing on what not to do.,false,false,true,2025-09-24 11:56:40.591511+00
490ca5f1-13f7-4a02-a8db-8cae80ee8e05,2025-09-23 17:48:59.454548+00,825a3d98017bab11815ad281,20:08,Shift,Ethan Kross,Personal Development,https://ziifsmeagbyyjsnmxwns.supabase.co/storage/v1/object/public/content/summaries/cover-pages/825a3d98017bab11815ad281_Shift.webp?,6,https://ziifsmeagbyyjsnmxwns.supabase.co/storage/v1/object/public/content/summaries/audio/825a3d98017bab11815ad281_Shift.mp3?,Learn to shift your mindset for greater happiness and resilience in everyday life.,false,false,true,2025-09-24 11:56:40.591511+00
4e9f1799-8847-4fe5-9310-d01ffe5dd2c0,2025-09-27 12:33:10+00,b80700b53e7efe0e0a5730f6,20:07,Revealing the Personality,Shri Parthasarathi Rajagopalachari,Psychology,https://ziifsmeagbyyjsnmxwns.supabase.co/storage/v1/object/public/content/summaries/cover-pages/Revealing%20the%20Personality.webp,7,https://ziifsmeagbyyjsnmxwns.supabase.co/storage/v1/object/public/content/summaries/audio/Revealing_the_Personality.mp3,Unlock the layers of your personality to understand the true self and enhance your personal relationships.,heartfulness,true,true,2025-09-24 11:56:40.591511+00
4fb3308c-52df-4d4c-aba9-c1ad3da7cfc1,2025-09-26 04:12:42.555228+00,9b27ee4c75799bd59f202735,28:40,Noise,Daniel Kahneman,Psychology,https://ziifsmeagbyyjsnmxwns.supabase.co/storage/v1/object/public/content/summaries/cover-pages/9b27ee4c75799bd59f202735_Noise.webp?,9,https://ziifsmeagbyyjsnmxwns.supabase.co/storage/v1/object/public/content/summaries/audio/9b27ee4c75799bd59f202735_Noise_voice.mp3?,"Explore how noise influences our decisions and judgments, revealing the hidden factors that shape our lives.",,false,true,2025-09-26 04:12:42.555228+00
50355a21-c43a-43a8-a8c3-98a4fc94eb57,2025-09-26 04:24:51+00,437ee2da-9695-4fd1-ac0a-11d7b3b131f2,19:10,The Complete Works of Ram Chandra,Ram Chandra,Spirituality,https://ziifsmeagbyyjsnmxwns.supabase.co/storage/v1/object/public/content/summaries/cover-pages/Complete%20Works%20of%20Ram%20Chandra%20vol.%201.webp,8,https://ziifsmeagbyyjsnmxwns.supabase.co/storage/v1/object/public/content/summaries/audio/Complete_Works_of_Ram_Chanddra.mp3,The Path to the True Spiritual Awakening,heartfulness,true,true,2025-09-24 11:56:40.591511+00
5039c2e0-7329-4f6c-b45c-248d657821ac,2025-09-23 17:49:23.350038+00,6d5b563f7025a30c993ea342,09:22,Hold on to Your Kids,Gordon Neufeld & Gabor Maté,Parenting,https://ziifsmeagbyyjsnmxwns.supabase.co/storage/v1/object/public/content/summaries/cover-pages/6d5b563f7025a30c993ea342_Hold on to Your Kids.webp?,9,https://ziifsmeagbyyjsnmxwns.supabase.co/storage/v1/object/public/content/summaries/audio/6d5b563f7025a30c993ea342_Hold on to Your Kids.mp3?,Strengthen your bond with your children and foster their emotional well-being through connection.,false,false,true,2025-09-24 11:56:40.591511+00
515d58b1-2a12-4be0-bd13-e51802c785ab,2025-09-23 17:49:22.599878+00,cdabdfd94239b8b5ba0ab342,16:28,Breath: The New Science of a Lost Art,James Nestor,Body,https://ziifsmeagbyyjsnmxwns.supabase.co/storage/v1/object/public/content/summaries/cover-pages/cdabdfd94239b8b5ba0ab342_Breath: The New Science of a Lost Art.webp?,7,https://ziifsmeagbyyjsnmxwns.supabase.co/storage/v1/object/public/content/summaries/audio/cdabdfd94239b8b5ba0ab342_Breath: The New Science of a Lost Art.mp3?,,false,false,true,2025-09-24 11:56:40.591511+00
516daa99-1ee6-4498-a2f7-3f7114d5787a,2025-09-23 17:49:12.061561+00,3167e8ddbe36a269b61888b8,15:07,The Power of Showing Up,Daniel J. Siegel and Tina Payne Bryson,Parenting,https://ziifsmeagbyyjsnmxwns.supabase.co/storage/v1/object/public/content/summaries/cover-pages/3167e8ddbe36a269b61888b8_The Power of Showing Up.webp?,4,https://ziifsmeagbyyjsnmxwns.supabase.co/storage/v1/object/public/content/summaries/audio/3167e8ddbe36a269b61888b8_The Power of Showing Up.mp3?,Learn the importance of being emotionally present for your children and how it shapes their development.,false,false,true,2025-09-24 11:56:40.591511+00
5761e17c-dd45-42e8-9600-49486f1fd811,2025-09-23 17:49:20.125662+00,aabe10d67c41e74e1ffe7231,18:09,The Circadian Code,Satchin Panda,Body,https://ziifsmeagbyyjsnmxwns.supabase.co/storage/v1/object/public/content/summaries/cover-pages/aabe10d67c41e74e1ffe7231_The Circadian Code.webp?,6,https://ziifsmeagbyyjsnmxwns.supabase.co/storage/v1/object/public/content/summaries/audio/aabe10d67c41e74e1ffe7231_The Circadian Code.mp3?,,false,false,true,2025-09-24 11:56:40.591511+00
5cf2f9e3-3275-49f5-accc-ef43f6c584e3,2025-09-26 04:16:45.921516+00,79a3b42a4d53759e434a1a13,23:09,Complete Works of Ram Chandra vol. 5,Shri Ram Chandra,Spirituality,https://ziifsmeagbyyjsnmxwns.supabase.co/storage/v1/object/public/content/summaries/cover-pages/79a3b42a4d53759e434a1a13_Complete Works of Ram Chandra vol. 5.webp?,10,https://ziifsmeagbyyjsnmxwns.supabase.co/storage/v1/object/public/content/summaries/audio/79a3b42a4d53759e434a1a13_Complete Works of Ram Chandra vol. 5_voice.mp3?,Discover the essence of spirituality in the continued works of Ram Chandra.,heartfulness,false,true,2025-09-26 04:16:45.921516+00
619a68d7-2a2a-487a-8ec7-a21f3537cf6d,2025-09-23 17:49:01.275184+00,43c361b0b040b77207fa0ddb,21:55,The Innovator's Dilemma,Clayton Christensen,Leadership,https://ziifsmeagbyyjsnmxwns.supabase.co/storage/v1/object/public/content/summaries/cover-pages/43c361b0b040b77207fa0ddb_The Innovator's Dilemma.webp?,7,https://ziifsmeagbyyjsnmxwns.supabase.co/storage/v1/object/public/content/summaries/audio/43c361b0b040b77207fa0ddb_The Innovator's Dilemma.mp3?,Understand why successful companies fail and how to innovate effectively in a changing market.,false,false,true,2025-09-24 11:56:40.591511+00
64f17b4e-2858-4f89-883b-83243bad4afe,2025-09-26 04:16:57.728728+00,bbc155fb2b111bf61c4f5ff8,15:46,Switch,Chip Heath & Dan Heath,Personal Development,https://ziifsmeagbyyjsnmxwns.supabase.co/storage/v1/object/public/content/summaries/cover-pages/bbc155fb2b111bf61c4f5ff8_Switch.webp?,6,https://ziifsmeagbyyjsnmxwns.supabase.co/storage/v1/object/public/content/summaries/audio/bbc155fb2b111bf61c4f5ff8_Switch_voice.mp3?,Discover the science of change and how to effectively switch behaviors for personal and organizational success.,,false,true,2025-09-26 04:16:57.728728+00
66f37121-0a17-40ba-8afa-8021843793c4,2025-09-23 18:03:33+00,f861e3a265180ead7098c9f8,20:22,The Alchemist,Paulo Coelho,Purpose & Values,https://ziifsmeagbyyjsnmxwns.supabase.co/storage/v1/object/public/content/summaries/cover-pages/The%20Alchemist.webp,9,https://ziifsmeagbyyjsnmxwns.supabase.co/storage/v1/object/public/content/summaries/audio/The_Alchemist.mp3,A fable about following your dream,false,true,true,2025-09-24 11:56:40.591511+00
6b82b053-d602-421b-a1f3-84cdada20a34,2025-09-26 04:16:35.391334+00,f03dc8f0c11ca5ca62b528af,18:12,The Power of Now,Eckhart Tolle,Spirituality,https://ziifsmeagbyyjsnmxwns.supabase.co/storage/v1/object/public/content/summaries/cover-pages/f03dc8f0c11ca5ca62b528af_The_Power_of_Now.webp?,7,https://ziifsmeagbyyjsnmxwns.supabase.co/storage/v1/object/public/content/summaries/audio/f03dc8f0c11ca5ca62b528af_The Power of Now_voice.mp3?,Embrace the present moment and discover the transformative power of living in the now.,,false,true,2025-09-26 04:16:35.391334+00
6e521a7c-ab5d-4a07-80cd-8d3eed97bc56,2025-09-23 17:49:02.698186+00,be4467a611fb8661b3e5c051,18:05,Ecce Homo,Friedrich Nietzsche,Philosophy,https://ziifsmeagbyyjsnmxwns.supabase.co/storage/v1/object/public/content/summaries/cover-pages/be4467a611fb8661b3e5c051_Ecce Homo.webp?,5,https://ziifsmeagbyyjsnmxwns.supabase.co/storage/v1/object/public/content/summaries/audio/be4467a611fb8661b3e5c051_Ecce Homo.mp3?,Reflect on the nature of existence and human experience through the lens of Nietzsche's provocative insights.,false,false,true,2025-09-24 11:56:40.591511+00
7165ff3a-54a5-406a-a95c-4f12f6b380d9,2025-09-23 17:48:57.463293+00,cd868bfd2a664058d9182c97,26:13,Indistractable,Nir Eyal,Productivity,https://ziifsmeagbyyjsnmxwns.supabase.co/storage/v1/object/public/content/summaries/cover-pages/cd868bfd2a664058d9182c97_Indistractable.webp?,8,https://ziifsmeagbyyjsnmxwns.supabase.co/storage/v1/object/public/content/summaries/audio/cd868bfd2a664058d9182c97_Indistractable.mp3?,Learn how to master your attention and become indistractable in a world full of distractions.,false,false,true,2025-09-24 11:56:40.591511+00
7193e067-4af0-45b8-a1b2-ae7a6b9307d4,2025-09-23 17:49:03.520792+00,b87585ea07304fa808f1cf5a,19:16,What to Say When You Talk to Yourself,Shad Helmstetter,Mind,https://ziifsmeagbyyjsnmxwns.supabase.co/storage/v1/object/public/content/summaries/cover-pages/b87585ea07304fa808f1cf5a_What to Say When You Talk to Yourself.webp?,8,https://ziifsmeagbyyjsnmxwns.supabase.co/storage/v1/object/public/content/summaries/audio/b87585ea07304fa808f1cf5a_What to Say When You Talk to Yourself.mp3?,,false,false,true,2025-09-24 11:56:40.591511+00
77ad8415-81f7-4208-87cb-f302f5bcb94b,2025-09-23 18:03:10+00,8128911960a712536999f96a,15:41,Man’s Search for Meaning,Viktor E. Frankl,Psychology,https://ziifsmeagbyyjsnmxwns.supabase.co/storage/v1/object/public/content/summaries/cover-pages/Mans%20Search%20for%20Meaning.webp,6,https://ziifsmeagbyyjsnmxwns.supabase.co/storage/v1/object/public/content/summaries/audio/Man_s_Search_for_Meaning.mp3,"A profound reflection on finding meaning in life, even in the face of suffering.",false,true,true,2025-09-24 11:56:40.591511+00
7c2f5aa6-fb90-44f0-821a-0d015da00e26,2025-09-23 17:49:15.389512+00,5c2afceed3e93620d9554780,23:32,The Heart of the Buddha's Teaching,Thich Nhat Hanh,Spirituality,https://ziifsmeagbyyjsnmxwns.supabase.co/storage/v1/object/public/content/summaries/cover-pages/5c2afceed3e93620d9554780_The Heart of the Buddha's Teaching.webp?,6,https://ziifsmeagbyyjsnmxwns.supabase.co/storage/v1/object/public/content/summaries/audio/5c2afceed3e93620d9554780_The Heart of the Buddha's Teaching.mp3?,"Dive into the core teachings of Buddhism that promote compassion, mindfulness, and understanding.",false,false,true,2025-09-24 11:56:40.591511+00
7e53acfc-5aad-4e44-b671-9d4383e33cc3,2025-09-23 17:48:59.018417+00,26d924ae0f9b4f10dc058a3d,15:56,Parenting Outside the Lines,Meghan Leahy,Parenting,https://ziifsmeagbyyjsnmxwns.supabase.co/storage/v1/object/public/content/summaries/cover-pages/26d924ae0f9b4f10dc058a3d_Parenting Outside the Lines.webp?,6,https://ziifsmeagbyyjsnmxwns.supabase.co/storage/v1/object/public/content/summaries/audio/26d924ae0f9b4f10dc058a3d_Parenting Outside the Lines.mp3?,Embrace a fresh approach to parenting that celebrates individuality and connection.,false,false,true,2025-09-24 11:56:40.591511+00
7ea24f8e-ccaf-4881-9231-b0c9597ad808,2025-09-27 12:32:40+00,6bce59d3ce47a44e5ec38e49,22:37,Wisdom to Wonder,Parthasarathi Rajagopalachari,Philosophy,https://ziifsmeagbyyjsnmxwns.supabase.co/storage/v1/object/public/content/summaries/cover-pages/6bce59d3ce47a44e5ec38e49_Wisdom to Wonder.webp?,13,https://ziifsmeagbyyjsnmxwns.supabase.co/storage/v1/object/public/content/summaries/audio/6bce59d3ce47a44e5ec38e49_Wisdom to Wonder.mp3?,Embark on a quest for wisdom and insight that inspires curiosity and wonder.,heartfulness,false,true,2025-09-24 11:56:40.591511+00
89354efe-b8bc-477a-b9ba-74a8e5c6a7a1,2025-09-27 12:32:35+00,67c069f25af17bd52c23c949,11:15,In the Light Awakening,Thomas Mogensen,Spirituality,https://ziifsmeagbyyjsnmxwns.supabase.co/storage/v1/object/public/content/summaries/cover-pages/67c069f25af17bd52c23c949_In the light awakening.webp?,7,https://ziifsmeagbyyjsnmxwns.supabase.co/storage/v1/object/public/content/summaries/audio/67c069f25af17bd52c23c949_In the Light Awakening.mp3?,Awaken to a deeper understanding of life and spirituality through insightful reflections.,heartfulness,false,true,2025-09-24 11:56:40.591511+00
9181b76c-67a9-4328-9632-3315cfc0b427,2025-09-23 17:49:21.437722+00,2e2d780ca73fa50c5a2b101b,22:28,Spiders Web vol. 2,Shri Parthasarathi Rajagopalachari,Philosophy,https://ziifsmeagbyyjsnmxwns.supabase.co/storage/v1/object/public/content/summaries/cover-pages/2e2d780ca73fa50c5a2b101b_Spiders Web vol. 2.webp?,9,https://ziifsmeagbyyjsnmxwns.supabase.co/storage/v1/object/public/content/summaries/audio/2e2d780ca73fa50c5a2b101b_Spiders Web vol. 2.mp3?,Continue to unravel the complexities of thought with profound philosophical reflections.,heartfulness,false,true,2025-09-24 11:56:40.591511+00
951849ab-022a-4f76-be58-ae7c12178a5d,2025-09-23 17:48:56.781035+00,d649e7efa224775572f8c042,25:00,How We Learn,Stanislas Dehaene,Science,https://ziifsmeagbyyjsnmxwns.supabase.co/storage/v1/object/public/content/summaries/cover-pages/d649e7efa224775572f8c042_How We Learn.webp?,8,https://ziifsmeagbyyjsnmxwns.supabase.co/storage/v1/object/public/content/summaries/audio/d649e7efa224775572f8c042_How We Learn.mp3?,Discover the principles of how we learn and how to apply them for effective education.,false,false,true,2025-09-24 11:56:40.591511+00
9beb8c1d-6883-41ad-a925-abe5af03d5dc,2025-09-23 17:49:20.497816+00,8e0e78a1a569d44d964f3052,22:53,How to Win Friends and Influence People,Dale Carnegie,Communication,https://ziifsmeagbyyjsnmxwns.supabase.co/storage/v1/object/public/content/summaries/cover-pages/8e0e78a1a569d44d964f3052_How to Win Friends and Influence People.webp?,7,https://ziifsmeagbyyjsnmxwns.supabase.co/storage/v1/object/public/content/summaries/audio/8e0e78a1a569d44d964f3052_How to Win Friends and Influence People.mp3?,Unlock the secrets to building lasting relationships and influencing others positively.,false,false,true,2025-09-24 11:56:40.591511+00
9d8f71d2-038a-40cd-9a3f-baf567953bf1,2025-09-23 17:49:00.245629+00,4a2b8faf1f16a656ffb791ed,23:07,Spark: The Revolutionary New Science of Exercise and the Brain,John J. Ratey,Body,https://ziifsmeagbyyjsnmxwns.supabase.co/storage/v1/object/public/content/summaries/cover-pages/4a2b8faf1f16a656ffb791ed_Spark: The Revolutionary New Science of Exercise and the Brain.webp?,7,https://ziifsmeagbyyjsnmxwns.supabase.co/storage/v1/object/public/content/summaries/audio/4a2b8faf1f16a656ffb791ed_Spark: The Revolutionary New Science of Exercise and the Brain.mp3?,,false,false,true,2025-09-24 11:56:40.591511+00
9dbcb20a-e38e-4388-b8b6-f431c12705e0,2025-09-26 04:17:16.379636+00,d35a98028cca23c2a745a0bb,23:03,Influence,Robert D. Cialdini,Psychology,https://ziifsmeagbyyjsnmxwns.supabase.co/storage/v1/object/public/content/summaries/cover-pages/d35a98028cca23c2a745a0bb_INFLUENCE.webp?,8,https://ziifsmeagbyyjsnmxwns.supabase.co/storage/v1/object/public/content/summaries/audio/d35a98028cca23c2a745a0bb_Influence_voice.mp3?,Discover the hidden forces that shape your decisions and learn how to harness the art of persuasion.,,false,true,2025-09-26 04:17:16.379636+00
a1d5323c-c866-4bcf-8c5b-e2b50a46cf7d,2025-09-26 04:24:37+00,7c447c5d52f2fb54ad66a3df,23:25,The Selfish Gene,Richard Dawkins,Science,https://ziifsmeagbyyjsnmxwns.supabase.co/storage/v1/object/public/content/summaries/cover-pages/The_Selfish_Gene.webp,9,https://ziifsmeagbyyjsnmxwns.supabase.co/storage/v1/object/public/content/summaries/audio/The_Selfish_Gene_Introduction.mp3,The Ideas that have Shaped our Thinking,false,true,true,2025-09-24 11:56:40.591511+00
a3a943ba-0df0-4645-9019-a05abdd2b030,2025-09-27 12:33:26+00,b778ca387bbf0947dc77a187,22:29,From Anger To Love,Kamlesh D. Patel,Personal Development,https://ziifsmeagbyyjsnmxwns.supabase.co/storage/v1/object/public/content/summaries/cover-pages/From%20Anger%20To%20Love.webp,7,https://ziifsmeagbyyjsnmxwns.supabase.co/storage/v1/object/public/content/summaries/audio/Anger_to_Love.mp3,Transform your anger into a force for love and compassion through practical insights and heart-centered practices.,heartfulness,true,true,2025-09-24 11:56:40.591511+00
a8b856a4-c9d3-49ac-be2b-21d1241908d9,2025-09-23 17:49:10.565927+00,7b8dac28e399ec2be8d181de,19:31,Attention Span,Gloria Mark,Productivity,https://ziifsmeagbyyjsnmxwns.supabase.co/storage/v1/object/public/content/summaries/cover-pages/7b8dac28e399ec2be8d181de_Attention Span.webp?,7,https://ziifsmeagbyyjsnmxwns.supabase.co/storage/v1/object/public/content/summaries/audio/7b8dac28e399ec2be8d181de_Attention Span.mp3?,Investigate the challenges of attention in our digital world and learn strategies to reclaim your focus.,false,false,true,2025-09-24 11:56:40.591511+00
a9e8a15d-170c-4efd-a89f-9522e5a6366f,2025-09-23 18:03:29+00,3404588bb20922ddac036250,18:08,The Meditations,Marcus Aurelius,Philosophy,https://ziifsmeagbyyjsnmxwns.supabase.co/storage/v1/object/public/content/summaries/cover-pages/Meditation.webp,8,https://ziifsmeagbyyjsnmxwns.supabase.co/storage/v1/object/public/content/summaries/audio/Meditations.mp3,A Timeless Guide to Stoic Philosophy,false,true,true,2025-09-24 11:56:40.591511+00
aafc6228-83cb-46a8-9447-9701c489de8a,2025-09-26 04:24:46+00,a37b11281d13eefddd1af3f3,20:00,The Power of Habit,Charles Duhigg,Personal Development,https://ziifsmeagbyyjsnmxwns.supabase.co/storage/v1/object/public/content/summaries/cover-pages/The%20Power%20of%20Habit.png,8,https://ziifsmeagbyyjsnmxwns.supabase.co/storage/v1/object/public/content/summaries/audio/Power_of_Habits.mp3,"Why We Do What We Do, and How to Change",false,true,true,2025-09-24 11:56:40.591511+00
ae96d75a-709f-476f-a278-cee1bde00428,2025-09-23 18:03:39+00,99c1fbb28f6cef7684e3832e,15:24,As a Man Thinketh,James Allen,Philosophy,https://ziifsmeagbyyjsnmxwns.supabase.co/storage/v1/object/public/content/summaries/cover-pages/As%20a%20Man%20Thinketh.webp,6,https://ziifsmeagbyyjsnmxwns.supabase.co/storage/v1/object/public/content/summaries/audio/As_a_Man_Thinketh.mp3,Discover the power of your thoughts and how they shape your destiny in this timeless reflection.,false,true,true,2025-09-24 11:56:40.591511+00
aec0c8f9-b75a-4edc-8e60-dd7b9e92bcea,2025-09-27 12:33:12+00,f48b5bc892dcb3e7dd8c723e,17:02,Power of Paradox,Kamelsh D. Patel,Spirituality,https://ziifsmeagbyyjsnmxwns.supabase.co/storage/v1/object/public/content/summaries/cover-pages/Power%20of%20Paradox.webp,7,https://ziifsmeagbyyjsnmxwns.supabase.co/storage/v1/object/public/content/summaries/audio/Power_of_Paradox.mp3,Delve into the paradoxes of life and discover how they can lead to deeper understanding and growth.,heartfulness,true,true,2025-09-24 11:56:40.591511+00
af559fea-9185-472a-b280-3bdf4df8b76c,2025-09-26 04:16:30.668237+00,49b1f29c5e66631d91505262,19:26,Complete Works of Ram Chandra vol. 4,Shri Ram Chandra,Spirituality,https://ziifsmeagbyyjsnmxwns.supabase.co/storage/v1/object/public/content/summaries/cover-pages/49b1f29c5e66631d91505262_Complete Works of Ram Chandra vol. 4.webp?,9,https://ziifsmeagbyyjsnmxwns.supabase.co/storage/v1/object/public/content/summaries/audio/CWRC_4.mp3,Experience the culmination of spiritual wisdom through the teachings of Ram Chandra.,heartfulness,false,true,2025-09-26 04:16:30.668237+00
af9f006a-4d27-4bfd-bc8b-dbf260b60068,2025-09-23 17:49:03.980501+00,41566c8d3d56129d83580495,20:11,When the Body Says No,Gabor Maté,Health,https://ziifsmeagbyyjsnmxwns.supabase.co/storage/v1/object/public/content/summaries/cover-pages/41566c8d3d56129d83580495_When the Body Says No.webp?,7,https://ziifsmeagbyyjsnmxwns.supabase.co/storage/v1/object/public/content/summaries/audio/41566c8d3d56129d83580495_When the Body Says No.mp3?,Explore the powerful connection between emotional stress and physical health.,false,false,true,2025-09-24 11:56:40.591511+00
b05f8d22-08e0-4744-91be-6c45e684d2fa,2025-09-23 17:49:08.290659+00,1b6927d3410a3b84efef5ac0,13:04,Consciousness In Management vol. 1,Heartfulness Education Trust,Leadership,https://ziifsmeagbyyjsnmxwns.supabase.co/storage/v1/object/public/content/summaries/cover-pages/1b6927d3410a3b84efef5ac0_Consciousness In Management vol. 1.webp?,9,https://ziifsmeagbyyjsnmxwns.supabase.co/storage/v1/object/public/content/summaries/audio/1b6927d3410a3b84efef5ac0_Consciousness In Management vol. 1.mp3?,Explore the intersection of consciousness and management to foster effective leadership.,heartfulness,false,true,2025-09-24 11:56:40.591511+00
b06545a4-e019-48b5-a4cd-12b6d89b6cbe,2025-09-26 04:17:02.12854+00,294b263656934786db434c31,17:36,Loneliness: Human Nature and the Need for Social Connection,John T. Cacioppo & William Patrick,Psychology,https://ziifsmeagbyyjsnmxwns.supabase.co/storage/v1/object/public/content/summaries/cover-pages/294b263656934786db434c31_Loneliness: Human Nature and the Need for Social Connection.webp?,6,https://ziifsmeagbyyjsnmxwns.supabase.co/storage/v1/object/public/content/summaries/audio/294b263656934786db434c31_Loneliness_ Human Nature and the Need for Social Connection_voice.mp3?,Explore the crucial role of social connections in our lives and the effects of loneliness.,,false,true,2025-09-26 04:17:02.12854+00
b472d85f-dc7a-45da-b2db-56fd1aa72d4c,2025-09-23 18:35:15.269927+00,caca7f9bce288bf076208a19,16:02,In Defense of Food: An Eater’s Manifesto,Michael Pollan,Health,https://ziifsmeagbyyjsnmxwns.supabase.co/storage/v1/object/public/content/summaries/cover-pages/In%20Defense%20of%20Food:%20An%20Eaters%20Manifesto.webp,7,https://ziifsmeagbyyjsnmxwns.supabase.co/storage/v1/object/public/content/summaries/audio/In%20Defense%20of%20Food:%20An%20Eaters%20Manifesto.mp3,A compelling manifesto for eating wisely and reclaiming the joy of food.,false,false,true,2025-09-24 11:56:40.591511+00
b50e0d58-5ac0-427a-a4de-4b387c1c05b1,2025-09-27 12:33:32+00,7128ce12-f52f-4b44-90aa-9b6243cefd25,18:15,The Heartfulness Way,Joshua Pollock and Kamlesh D Patel,Spirituality,https://ziifsmeagbyyjsnmxwns.supabase.co/storage/v1/object/public/content/summaries/cover-pages/The%20Heartfulness%20Way.webp,8,https://ziifsmeagbyyjsnmxwns.supabase.co/storage/v1/object/public/content/summaries/audio/The_Hearfulness_Way%20(1).mp3,Transform Your Inner World With 3 Core Practices,heartfulness,true,true,2025-09-24 11:56:40.591511+00
b5a048cc-654f-48d7-a41f-6bdcc0d10753,2025-09-23 17:49:00.724938+00,69040a026d30548c5e13e86a,20:49,Start With Why,Simon Sinek,Soul,https://ziifsmeagbyyjsnmxwns.supabase.co/storage/v1/object/public/content/summaries/cover-pages/69040a026d30548c5e13e86a_Start With Why.webp?,8,https://ziifsmeagbyyjsnmxwns.supabase.co/storage/v1/object/public/content/summaries/audio/69040a026d30548c5e13e86a_Start With Why.mp3?,,false,false,true,2025-09-24 11:56:40.591511+00
b775e83f-21a0-490a-8307-0e2e3cabeee8,2025-09-23 17:49:18.830674+00,6380f64e5f79363ed5ba0e15,15:24,Consciousness In Management vol. 2,Heartfulness Education Trust,Leadership,https://ziifsmeagbyyjsnmxwns.supabase.co/storage/v1/object/public/content/summaries/cover-pages/6380f64e5f79363ed5ba0e15_Consciousness In Management vol. 2.webp?,5,https://ziifsmeagbyyjsnmxwns.supabase.co/storage/v1/object/public/content/summaries/audio/6380f64e5f79363ed5ba0e15_Consciousness In Management vol. 2.mp3?,Deepen your understanding of conscious leadership and its transformative effects on organizations.,heartfulness,false,true,2025-09-24 11:56:40.591511+00
bad86d41-0eb8-4590-a4e9-501bf7745d08,2025-09-26 04:17:21.043928+00,69ec96a0ceeda296b97f5b09,19:20,Buddha's Brain,Rick Hanson,Meditation,https://ziifsmeagbyyjsnmxwns.supabase.co/storage/v1/object/public/content/summaries/cover-pages/69ec96a0ceeda296b97f5b09_Buddha's_Brain.webp?,7,https://ziifsmeagbyyjsnmxwns.supabase.co/storage/v1/object/public/content/summaries/audio/69ec96a0ceeda296b97f5b09_Buddha's Brain_voice.mp3?,Learn how the latest research in neuroscience can help you cultivate happiness and well-being through mindfulness.,,false,true,2025-09-26 04:17:21.043928+00
c0d96c7f-5f78-4a59-ac69-341064a37c17,2025-09-26 04:24:54+00,5bef9d7075b1634e04e0b038,23:25,The Body Keeps the Score,Bessel van der Kolk,Health,https://ziifsmeagbyyjsnmxwns.supabase.co/storage/v1/object/public/content/summaries/cover-pages/The_Body_Keeps_the_Score.webp,8,https://ziifsmeagbyyjsnmxwns.supabase.co/storage/v1/object/public/content/summaries/audio/The_Body_Keeps_the_Score.mp3,"Mind, Brain and Body in the Healing of Trauma",false,true,true,2025-09-24 11:56:40.591511+00
c4849c39-d9bd-4072-ba4b-d7ebc057b52d,2025-09-27 12:33:40+00,d38bba3601a81c32fd02f0c9,19:39,Designing Destiny,Kamlesh D. Patel,Spirituality,https://ziifsmeagbyyjsnmxwns.supabase.co/storage/v1/object/public/content/summaries/cover-pages/Designing%20Destiny.webp,8,https://ziifsmeagbyyjsnmxwns.supabase.co/storage/v1/object/public/content/summaries/audio/Designing_Destiny%20(1).mp3,The Heartfulness Way,heartfulness,true,true,2025-09-24 11:56:40.591511+00
c6afcd72-75a7-415c-aac6-fb9ad6026adf,2025-09-23 17:49:05.376835+00,18551c70fdb9b96d54625962,19:05,The 7 Habits of Highly Effective People,Stephen R. Covey,Soul,https://ziifsmeagbyyjsnmxwns.supabase.co/storage/v1/object/public/content/summaries/cover-pages/18551c70fdb9b96d54625962_The 7 Habits of Highly Effective People.webp?,6,https://ziifsmeagbyyjsnmxwns.supabase.co/storage/v1/object/public/content/summaries/audio/18551c70fdb9b96d54625962_The 7 Habits of Highly Effective People.mp3?,,false,false,true,2025-09-24 11:56:40.591511+00
c6e5d8d7-a5b3-4fe3-80cd-2c5243d5e4c0,2025-09-23 17:49:09.42628+00,2d95b097f0fe7ba8e824ff53,17:22,The Stress Paradox,Sharon Horesh Bergquist,Health,https://ziifsmeagbyyjsnmxwns.supabase.co/storage/v1/object/public/content/summaries/cover-pages/2d95b097f0fe7ba8e824ff53_The Stress Paradox.webp?,6,https://ziifsmeagbyyjsnmxwns.supabase.co/storage/v1/object/public/content/summaries/audio/2d95b097f0fe7ba8e824ff53_The Stress Paradox.mp3?,Explore the complexities of stress and how to navigate it for a healthier life.,false,false,true,2025-09-24 11:56:40.591511+00
c725d17c-04cd-4ebb-afb4-2445b97f84cc,2025-09-23 17:49:04.807616+00,3ed75f7ff7027c6b702b53ed,12:26,Meditation,Compiled by Ferdinand Wulliemier,Meditation,https://ziifsmeagbyyjsnmxwns.supabase.co/storage/v1/object/public/content/summaries/cover-pages/3ed75f7ff7027c6b702b53ed_Meditation.webp?,10,https://ziifsmeagbyyjsnmxwns.supabase.co/storage/v1/object/public/content/summaries/audio/3ed75f7ff7027c6b702b53ed_Meditation.mp3?,Explore various meditation techniques to enhance mindfulness and inner peace.,heartfulness,false,true,2025-09-24 11:56:40.591511+00
c9eb7570-8b7a-4c43-9e37-981af04ed22b,2025-09-23 17:49:21.9698+00,c326a5c6a29f060d4cbcf86b,28:48,Sapiens: A Brief History of Humankind,Yuval Noah Harari,Mind,https://ziifsmeagbyyjsnmxwns.supabase.co/storage/v1/object/public/content/summaries/cover-pages/c326a5c6a29f060d4cbcf86b_Sapiens: A Brief History of Humankind.webp?,11,https://ziifsmeagbyyjsnmxwns.supabase.co/storage/v1/object/public/content/summaries/audio/c326a5c6a29f060d4cbcf86b_Sapiens: A Brief History of Humankind.mp3?,,false,false,true,2025-09-24 11:56:40.591511+00
d0d16857-42de-443a-8b9f-e0d266544adf,2025-09-23 17:49:24.121013+00,02fd353c15e2090a8d892d94,16:34,Mindset: The New Psychology of Success,Carol S. Dweck,Mind,https://ziifsmeagbyyjsnmxwns.supabase.co/storage/v1/object/public/content/summaries/cover-pages/02fd353c15e2090a8d892d94_Mindset: The New Psychology of Success.webp?,6,https://ziifsmeagbyyjsnmxwns.supabase.co/storage/v1/object/public/content/summaries/audio/02fd353c15e2090a8d892d94_Mindset: The New Psychology of Success.mp3?,,false,false,true,2025-09-24 11:56:40.591511+00
d5e715e0-7078-4aa1-aa61-ffe0a2d43011,2025-09-23 17:49:12.375412+00,526788ee3044dcaceeafe7fb,16:27,The Art of Gathering,Priya Parker,Communication,https://ziifsmeagbyyjsnmxwns.supabase.co/storage/v1/object/public/content/summaries/cover-pages/526788ee3044dcaceeafe7fb_The Art of Gathering.webp?,6,https://ziifsmeagbyyjsnmxwns.supabase.co/storage/v1/object/public/content/summaries/audio/526788ee3044dcaceeafe7fb_The Art of Gathering.mp3?,Transform the way you gather people and create meaningful connections and experiences.,false,false,true,2025-09-24 11:56:40.591511+00
d9af6689-8599-43e7-8c29-637739bd4daf,2025-09-23 17:49:02.187684+00,8aa4b1c5bb684a6269116f6b,22:12,Deep Work,Cal Newport,Productivity,https://ziifsmeagbyyjsnmxwns.supabase.co/storage/v1/object/public/content/summaries/cover-pages/8aa4b1c5bb684a6269116f6b_Deep Work.webp?,7,https://ziifsmeagbyyjsnmxwns.supabase.co/storage/v1/object/public/content/summaries/audio/8aa4b1c5bb684a6269116f6b_Deep Work.mp3?,Cultivate the ability to focus without distraction and achieve deeper levels of work.,false,false,true,2025-09-24 11:56:40.591511+00
dbfc5ca7-52bc-4f66-af6e-d04484a4abc1,2025-09-26 04:17:11.032798+00,4fac0081c9f6a8e578f93fb4,14:21,So Good They Can't Ignore You,Cal Newport,Personal Development,https://ziifsmeagbyyjsnmxwns.supabase.co/storage/v1/object/public/content/summaries/cover-pages/4fac0081c9f6a8e578f93fb4_SO_GOOD_THEY_CAN'T_IGNORE_YOU.webp?,6,https://ziifsmeagbyyjsnmxwns.supabase.co/storage/v1/object/public/content/summaries/audio/4fac0081c9f6a8e578f93fb4_So Good They Can't Ignore You_voice.mp3?,Uncover the secret to building a fulfilling career by mastering your craft and becoming indispensable.,,false,true,2025-09-26 04:17:11.032798+00
de7e99a1-6e3c-4f45-9293-67e0f5a0f945,2025-09-23 17:49:07.84985+00,8e66163f2bbc9e7ea1eb12ab,19:38,"Thinking, Fast and Slow",Daniel Kahneman,Mind,"https://ziifsmeagbyyjsnmxwns.supabase.co/storage/v1/object/public/content/summaries/cover-pages/8e66163f2bbc9e7ea1eb12ab_Thinking, Fast and Slow.webp?",7,"https://ziifsmeagbyyjsnmxwns.supabase.co/storage/v1/object/public/content/summaries/audio/8e66163f2bbc9e7ea1eb12ab_Thinking, Fast and Slow.mp3?",,false,false,true,2025-09-24 11:56:40.591511+00
dec65b67-7026-4455-9b5f-b98fcf6d25c6,2025-09-23 17:49:19.859084+00,a867847d30d0646664ecb73c,12:18,Spiders Web vol. 1,Shri Parthasarathi Rajagopalachari,Philosophy,https://ziifsmeagbyyjsnmxwns.supabase.co/storage/v1/object/public/content/summaries/cover-pages/a867847d30d0646664ecb73c_Spiders Web vol. 1.webp?,4,https://ziifsmeagbyyjsnmxwns.supabase.co/storage/v1/object/public/content/summaries/audio/a867847d30d0646664ecb73c_Spiders Web vol. 1.mp3?,Weave through the intricate thoughts and philosophies that challenge conventional wisdom.,heartfulness,false,true,2025-09-24 11:56:40.591511+00
e36c801c-9ffb-4a8e-8c64-e3c114612c5d,2025-09-23 17:49:14.238464+00,f56ada1304073cd38c207ae8,19:55,Grit: The Power of Passion and Perseverance,Angela Duckworth,Mind,https://ziifsmeagbyyjsnmxwns.supabase.co/storage/v1/object/public/content/summaries/cover-pages/f56ada1304073cd38c207ae8_Grit: The Power of Passion and Perseverance.webp?,5,https://ziifsmeagbyyjsnmxwns.supabase.co/storage/v1/object/public/content/summaries/audio/f56ada1304073cd38c207ae8_Grit: The Power of Passion and Perseverance.mp3?,,false,false,true,2025-09-24 11:56:40.591511+00
e375e813-9466-45fd-b40a-ffeb1456fe80,2025-09-23 17:49:15.753323+00,92025f484ae014d4a87b37d1,18:11,The Brain that Changes Itself,Norman Doidge,Science,https://ziifsmeagbyyjsnmxwns.supabase.co/storage/v1/object/public/content/summaries/cover-pages/92025f484ae014d4a87b37d1_The Brain that Changes Itself.webp?,7,https://ziifsmeagbyyjsnmxwns.supabase.co/storage/v1/object/public/content/summaries/audio/92025f484ae014d4a87b37d1_The Brain that Changes Itself.mp3?,Explore the groundbreaking science of neuroplasticity and how our brains adapt and heal.,false,false,true,2025-09-24 11:56:40.591511+00
e3d7dfe2-ad6c-4b4c-a501-986c05dd9ad3,2025-09-27 12:32:52+00,371d80d5f5876295784bcf63,20:50,Messages Universal,Shri Ram Chandra,Spirituality,https://ziifsmeagbyyjsnmxwns.supabase.co/storage/v1/object/public/content/summaries/cover-pages/371d80d5f5876295784bcf63_Messages_Universal.webp?,13,https://ziifsmeagbyyjsnmxwns.supabase.co/storage/v1/object/public/content/summaries/audio/371d80d5f5876295784bcf63_Messages Universal.mp3?,Receive universal truths and messages that guide your spiritual journey.,heartfulness,false,true,2025-09-24 11:56:40.591511+00
e42e49c0-36e1-4bee-995a-8007ef4c1a65,2025-09-23 17:49:13.483373+00,adc1585d9559c99b8cdc01de,21:36,The 5 Second Rule,Mel Robbins,Motivation,https://ziifsmeagbyyjsnmxwns.supabase.co/storage/v1/object/public/content/summaries/cover-pages/adc1585d9559c99b8cdc01de_The 5 Second Rule.webp?,7,https://ziifsmeagbyyjsnmxwns.supabase.co/storage/v1/object/public/content/summaries/audio/adc1585d9559c99b8cdc01de_The 5 Second Rule.mp3?,Overcome hesitation and seize opportunities with a simple 5-second rule to change your life.,false,false,true,2025-09-24 11:56:40.591511+00
e68c538d-9662-4c77-a73b-6af8df87c0fd,2025-09-23 17:48:58.578059+00,9a23b2da5111ed31f263714d,20:56,Anger Management for Everyone: Ten Proven Strategies to Help You Control Anger and Live a Happier Life,Raymond Tafrate & Howard Kassinove,Psychology,https://ziifsmeagbyyjsnmxwns.supabase.co/storage/v1/object/public/content/summaries/cover-pages/9a23b2da5111ed31f263714d_Anger Management for Everyone: Ten Proven Strategies to Help You Control Anger and Live a Happier Life.webp?,7,https://ziifsmeagbyyjsnmxwns.supabase.co/storage/v1/object/public/content/summaries/audio/9a23b2da5111ed31f263714d_Anger Management for Everyone: Ten Proven Strategies to Help You Control Anger and Live a Happier Life.mp3?,Practical strategies to manage anger and cultivate a more peaceful life.,false,false,true,2025-09-24 11:56:40.591511+00
eccd5eea-869a-4022-8d9e-30c78e0b3a72,2025-09-23 17:49:03.063753+00,dbde6ab9509321a42bbb5751,22:36,Million Dollar Habits,Brian Tracy,Productivity,https://ziifsmeagbyyjsnmxwns.supabase.co/storage/v1/object/public/content/summaries/cover-pages/dbde6ab9509321a42bbb5751_Million Dollar Habits.webp?,7,https://ziifsmeagbyyjsnmxwns.supabase.co/storage/v1/object/public/content/summaries/audio/dbde6ab9509321a42bbb5751_Million Dollar Habits.mp3?,Learn the habits that can lead to extraordinary success and financial freedom.,false,false,true,2025-09-24 11:56:40.591511+00
f33c7ac5-2da8-4547-908b-da3d4dbb9b26,2025-09-23 17:49:09.806177+00,158e31665531e5f28eea2c90,13:09,The Autobiography of Ramchandra,Shri Ram Chandra,Spirituality,https://ziifsmeagbyyjsnmxwns.supabase.co/storage/v1/object/public/content/summaries/cover-pages/158e31665531e5f28eea2c90_The Autobiography of Ramchandra.webp?,5,https://ziifsmeagbyyjsnmxwns.supabase.co/storage/v1/object/public/content/summaries/audio/158e31665531e5f28eea2c90_The Autobiography of Ramchandra.mp3?,"A personal account of the life and teachings of Ram Chandra, inviting you to reflect on your own journey.",heartfulness,false,true,2025-09-24 11:56:40.591511+00
f4c513e9-613a-4b06-99e3-a336a509468b,2025-09-23 17:49:13.9138+00,a077356ae6923513e768bdb4,14:18,The Relaxation Response,Herbert Benson,Body,https://ziifsmeagbyyjsnmxwns.supabase.co/storage/v1/object/public/content/summaries/cover-pages/a077356ae6923513e768bdb4_The Relaxation Response.webp?,5,https://ziifsmeagbyyjsnmxwns.supabase.co/storage/v1/object/public/content/summaries/audio/a077356ae6923513e768bdb4_The Relaxation Response.mp3?,,false,false,true,2025-09-24 11:56:40.591511+00
f61cd80f-91b8-4a48-af4c-195a37ac1e28,2025-09-23 17:49:16.64246+00,2d4705018e4ff6e1a9891b42,24:18,Emotional Intelligence: Why It Can Matter More Than IQ,Daniel Goleman,Psychology,https://ziifsmeagbyyjsnmxwns.supabase.co/storage/v1/object/public/content/summaries/cover-pages/2d4705018e4ff6e1a9891b42_Emotional Intelligence: Why It Can Matter More Than IQ.webp?,7,https://ziifsmeagbyyjsnmxwns.supabase.co/storage/v1/object/public/content/summaries/audio/2d4705018e4ff6e1a9891b42_Emotional Intelligence: Why It Can Matter More Than IQ.mp3?,Discover how emotional intelligence can lead to success in both personal and professional realms.,false,false,true,2025-09-24 11:56:40.591511+00
f8938abb-9d0a-4c77-9467-2c9685e66861,2025-09-23 17:49:06.870902+00,57df20a5884349853288e730,23:39,The 8th Habit,Stephen Covey,Leadership,https://ziifsmeagbyyjsnmxwns.supabase.co/storage/v1/object/public/content/summaries/cover-pages/57df20a5884349853288e730_The 8th Habit.webp?,8,https://ziifsmeagbyyjsnmxwns.supabase.co/storage/v1/object/public/content/summaries/audio/57df20a5884349853288e730_The 8th Habit.mp3?,Discover how to find your voice and inspire others to do the same in this transformative guide.,false,false,true,2025-09-24 11:56:40.591511+00
fbcabc23-d017-41d3-84bc-54c288eb9813,2025-09-23 17:49:17.078938+00,5861f52b435ff535f45307da,20:09,"No Mud, No Lotus",Thich Nhat Hanh,Meditation,"https://ziifsmeagbyyjsnmxwns.supabase.co/storage/v1/object/public/content/summaries/cover-pages/5861f52b435ff535f45307da_No Mud, No Lotus.webp?",8,"https://ziifsmeagbyyjsnmxwns.supabase.co/storage/v1/object/public/content/summaries/audio/5861f52b435ff535f45307da_No Mud, No Lotus.mp3?",Embrace the beauty of life’s challenges and cultivate resilience through mindfulness.,false,false,true,2025-09-24 11:56:40.591511+00
fc504004-08f5-429a-9693-5b93a8f95015,2025-09-23 17:49:11.472629+00,d2a3fe6d90063e442d24b96c,21:09,Complete Works of Ram Chandra vol. 6,Shri Ram Chandra,Spirituality,https://ziifsmeagbyyjsnmxwns.supabase.co/storage/v1/object/public/content/summaries/cover-pages/d2a3fe6d90063e442d24b96c_Complete Works of Ram Chandra vol. 6.webp?,10,https://ziifsmeagbyyjsnmxwns.supabase.co/storage/v1/object/public/content/summaries/audio/d2a3fe6d90063e442d24b96c_Complete Works of Ram Chandra vol. 6.mp3?,Complete your understanding of Ram Chandra's profound spiritual teachings.,heartfulness,false,true,2025-09-24 11:56:40.591511+00
fff5c4ef-4277-44db-a8c4-27ce7aa15ccd,2025-09-23 17:49:16.207014+00,81f152edd5a67fbd7bcfa140,19:00,The Art of Communicating,Thich Nhat Hanh,Communication,https://ziifsmeagbyyjsnmxwns.supabase.co/storage/v1/object/public/content/summaries/cover-pages/81f152edd5a67fbd7bcfa140_The Art of Communicating.webp?,7,https://ziifsmeagbyyjsnmxwns.supabase.co/storage/v1/object/public/content/summaries/audio/81f152edd5a67fbd7bcfa140_The Art of Communicating.mp3?,Learn the art of communicating with compassion and mindfulness to deepen connections.,false,false,true,2025-09-24 11:56:40.591511+00