id,created_at,updated_at,user_id,content_id,content_type,rating,feedback
00a7af6c-80d9-4b69-a072-3d211a368ef3,2025-10-19 10:20:28.682349+00,2025-10-19 10:20:28.682349+00,5a428934-0c91-4244-b853-67c17d62c72d,e3d7dfe2-ad6c-4b4c-a501-986c05dd9ad3,summary,5,[]
0193efc2-2a2a-4969-b2ae-2f7ec32d97f1,2025-09-29 06:56:49.505612+00,2025-09-29 06:56:49.505612+00,22013dce-42c3-4c18-889f-0ad995dc045e,2b596717-2692-44b6-a768-5339499c4490,summary,5,"[""Well structured""]"
0286b0b2-1f07-47dc-af7c-afb25f873e10,2025-10-17 03:31:29.000658+00,2025-10-17 03:31:29.000658+00,9a5d6755-5a4a-4535-893a-abb646f217d2,aec0c8f9-b75a-4edc-8e60-dd7b9e92bcea,summary,5,[]
03b695a0-a51a-4cdb-a318-37163df4a99b,2025-10-03 02:12:09.566463+00,2025-10-03 02:12:09.566463+00,82fbb04c-e54d-4637-97d7-336607c7d58e,43a719d1-b700-44c8-8176-695050ce0287,summary,5,"[""Well structured""]"
03cd83bf-b56e-48e2-809c-33e19e8d1ca2,2025-10-28 14:03:44.448547+00,2025-10-28 14:03:44.448547+00,494578f6-d4af-476b-8f1f-e31d8e04563b,aec0c8f9-b75a-4edc-8e60-dd7b9e92bcea,summary,5,[]
041e6d38-16a2-4338-9d48-728ef4f4b0c9,2025-10-02 05:16:50.958906+00,2025-10-02 05:16:50.958906+00,daa21ec4-2cd2-4724-bf63-eec668de557f,aec0c8f9-b75a-4edc-8e60-dd7b9e92bcea,summary,5,"[""Easy to follow"",""Well structured""]"
04227b20-ab3d-40b3-943f-8345d956ad2a,2025-10-11 17:16:14.56897+00,2025-10-11 17:16:14.56897+00,9a5d6755-5a4a-4535-893a-abb646f217d2,2b596717-2692-44b6-a768-5339499c4490,summary,5,[]
058ec1b6-0b04-4dde-a9fc-0e545a70286d,2025-10-28 06:35:25.449212+00,2025-10-28 06:35:25.449212+00,4151355e-80fb-4d54-91ab-83c9824fe5fa,43a719d1-b700-44c8-8176-695050ce0287,summary,5,"[""Pleasant voice"",""Good pronunciation"",""Easy to follow"",""Well structured""]"
07de2f08-3561-443a-9097-2702e70f30e3,2025-10-14 10:18:09.75983+00,2025-10-14 10:18:09.75983+00,196a150e-f77b-45a2-aab1-6ce8ea9060bf,2610c709-8108-4e18-aca5-a71b6e8e9fc3,summary,4,[]
07ed745d-55a5-40e4-8113-ad7556e981e6,2025-09-30 03:01:01.979381+00,2025-09-30 03:01:01.979381+00,432d579f-7c9a-4364-9eb2-d86579c42dbc,7ea24f8e-ccaf-4881-9231-b0c9597ad808,summary,5,"[""Pleasant voice""]"
088c5f65-9a6d-4ed2-9650-2a59a418a07c,2025-10-07 11:43:54.305751+00,2025-10-07 11:43:54.305751+00,824d3f93-b1de-4da2-af4a-9044c93fc354,4e9f1799-8847-4fe5-9310-d01ffe5dd2c0,summary,5,[]
09828103-0f00-41b3-ba90-e511839f48fe,2025-10-02 12:37:26.787011+00,2025-10-02 12:37:26.787011+00,2be57029-0493-46b5-bc24-f302498c2de0,a3a943ba-0df0-4645-9019-a05abdd2b030,summary,4,[]
09f391fb-7ebb-4227-8f2f-c920d8b9e189,2025-10-15 02:29:21.516449+00,2025-10-15 02:29:21.516449+00,53f83cb1-cdb9-49b6-82cd-2a480c803d01,7ea24f8e-ccaf-4881-9231-b0c9597ad808,summary,5,"[""Right level of detail""]"
0a29e29a-eb3b-4284-b5e8-c3500e92effa,2025-10-29 04:16:46.069116+00,2025-10-29 04:16:46.069116+00,ad68ade5-d302-456c-89c0-992c30463a13,aec0c8f9-b75a-4edc-8e60-dd7b9e92bcea,summary,5,"[""Right level of detail""]"
0a58387b-09c1-464f-808d-cda8eabfceeb,2025-10-03 15:50:41.677047+00,2025-10-03 15:50:41.677047+00,a2cc3311-3823-4082-8c01-0635f4a0bd8c,c725d17c-04cd-4ebb-afb4-2445b97f84cc,summary,5,[]
0b081b42-d9e6-482a-8823-6c6679bc396c,2025-10-16 08:02:03.748019+00,2025-10-16 08:02:03.748019+00,7e62eb39-5545-4ee8-b033-b31ca0c2bb97,16d1baef-8193-4e05-a831-6e389afc66d4,summary,4,[]
0b58faa9-2205-4e88-94eb-0343eda28aa3,2025-09-28 10:56:06.069971+00,2025-09-28 10:56:06.069971+00,2c3ea2b9-f142-4799-a5c1-c01678dc96e7,b50e0d58-5ac0-427a-a4de-4b387c1c05b1,summary,5,"[""Easy to follow"",""Well structured"",""Good pronunciation""]"
0c058887-e1f2-4ed9-af7e-d45fc336897a,2025-10-01 03:25:34.957139+00,2025-10-01 03:25:34.957139+00,3f2d22cc-d4e4-4169-8aa8-c77e4d01c9cb,43a719d1-b700-44c8-8176-695050ce0287,summary,5,"[""Right level of detail""]"
0e0d0eff-b583-4090-a867-0eac192e6a48,2025-10-27 03:07:59.789304+00,2025-10-27 03:07:59.789304+00,2f2af87b-1a51-4ae9-885c-39765dce0af8,16d1baef-8193-4e05-a831-6e389afc66d4,summary,4,"[""Pleasant voice"",""Right level of detail""]"
0e487840-25fb-49fc-8136-648b2c8371cf,2025-09-27 08:40:58.945311+00,2025-09-27 08:40:58.945311+00,43e2cbf1-c57c-49e4-af7e-aba56f46cf40,2610c709-8108-4e18-aca5-a71b6e8e9fc3,summary,5,"[""Right level of detail"",""Good pronunciation"",""Well structured"",""Pleasant voice""]"
0f336daa-b7de-4c06-b76e-ee6790d43b80,2025-10-06 07:43:47.822479+00,2025-10-06 07:43:47.822479+00,4d2d3bc4-8b3e-4a4d-a37b-a494d41b3cfc,43a719d1-b700-44c8-8176-695050ce0287,summary,5,"[""Right level of detail"",""Easy to follow"",""Good pronunciation"",""Pleasant voice"",""Others: A wonderful book, with utmost wisdom needed for present generation for now and future.""]"
0fa3c4ec-80b8-4aa3-9993-142d30a66a0b,2025-09-29 06:37:33.074548+00,2025-09-29 06:37:33.074548+00,22013dce-42c3-4c18-889f-0ad995dc045e,43a719d1-b700-44c8-8176-695050ce0287,summary,5,"[""Well structured""]"
114514aa-2f6e-4de3-bc30-c9568a0b4790,2025-10-01 13:58:30.613245+00,2025-10-01 13:58:30.613245+00,df5881da-d33c-4920-b33c-f9bd8161638d,a3a943ba-0df0-4645-9019-a05abdd2b030,summary,5,[]
126257a8-bf95-4655-b7fb-71cebae16a9e,2025-10-07 14:55:21.98603+00,2025-10-07 14:55:21.98603+00,589fa413-4067-4669-a182-cb993228c69c,c4849c39-d9bd-4072-ba4b-d7ebc057b52d,summary,5,"[""Right level of detail"",""Easy to follow"",""Well structured"",""Pleasant voice"",""Good pronunciation""]"
14165dca-0de6-4319-a4f0-c2e876874316,2025-10-06 09:12:08.743211+00,2025-10-06 09:12:08.743211+00,8042579b-2c7f-4cb4-a6eb-93be4128af90,a3a943ba-0df0-4645-9019-a05abdd2b030,summary,4,[]
1467614b-aad6-4609-9c9b-9bbc9ac57b8f,2025-10-04 03:16:56.787836+00,2025-10-04 03:16:56.787836+00,c4187179-4849-4f48-87f9-a0b99974a703,4e9f1799-8847-4fe5-9310-d01ffe5dd2c0,summary,5,[]
14d077c4-965c-4399-a776-d1bf2bd21f51,2025-09-28 06:27:30.176594+00,2025-09-28 06:27:30.176594+00,3b816017-6cf6-4e5c-95ed-1619fae0c69c,a3a943ba-0df0-4645-9019-a05abdd2b030,summary,5,[]
151bdf70-2880-41ab-a2eb-068e9e65c128,2025-09-28 10:56:06.07797+00,2025-09-28 10:56:06.07797+00,2c3ea2b9-f142-4799-a5c1-c01678dc96e7,b50e0d58-5ac0-427a-a4de-4b387c1c05b1,summary,5,"[""Easy to follow"",""Well structured""]"
153ae8aa-cf5a-4bf2-9e2a-48e797a12028,2025-10-12 02:00:31.416092+00,2025-10-12 02:00:31.416092+00,b9240711-f2f0-4f86-b36d-460f41566b6a,aec0c8f9-b75a-4edc-8e60-dd7b9e92bcea,summary,5,[]
163bf32b-9686-49c2-85d0-e0775fc7009c,2025-10-28 23:27:33.749133+00,2025-10-28 23:27:33.749133+00,4813f5f6-c7e7-4cf2-af3a-47d3f3688d5c,c4849c39-d9bd-4072-ba4b-d7ebc057b52d,summary,5,[]
167579af-ce9c-41b5-8477-478468c3b495,2025-09-27 17:23:27.73487+00,2025-09-27 17:23:27.73487+00,3bcbc50f-2a8f-40d0-b4b8-3779bd5d3c21,2b596717-2692-44b6-a768-5339499c4490,summary,5,"[""Easy to follow"",""Well structured""]"
19c05f5a-1c2f-408d-ba78-37708c14234f,2025-09-28 16:18:13.716831+00,2025-09-28 16:18:13.716831+00,0762306d-c7ee-48c2-882a-58c1194c2b91,b50e0d58-5ac0-427a-a4de-4b387c1c05b1,summary,5,[]
19c48c27-2bef-4fa1-a22b-25e5b8b742be,2025-10-04 15:13:22.606224+00,2025-10-04 15:13:22.606224+00,3dd5a388-a889-49d6-945c-8e4018e03122,4e9f1799-8847-4fe5-9310-d01ffe5dd2c0,summary,5,[]
1a0f5603-3869-444f-81ca-4e7ade053e17,2025-10-16 12:45:01.641219+00,2025-10-16 12:45:01.641219+00,9a944fd7-8f14-4311-8e23-bd4535edb783,aec0c8f9-b75a-4edc-8e60-dd7b9e92bcea,summary,5,[]
1aadca29-e784-4a09-99cd-6e193e96c58d,2025-10-05 13:03:48.413716+00,2025-10-05 13:03:48.413716+00,c22c498b-f78c-4a9e-a755-730738be189d,a3a943ba-0df0-4645-9019-a05abdd2b030,summary,5,"[""Easy to follow""]"
1cb30df2-b44b-419d-a118-02153836c48b,2025-10-12 13:34:02.61186+00,2025-10-12 13:34:02.61186+00,8984f475-91e0-48ac-baca-35d7ec755c9c,c4849c39-d9bd-4072-ba4b-d7ebc057b52d,summary,5,"[""Easy to follow"",""Right level of detail"",""Pleasant voice"",""Well structured""]"
1cdde060-360a-4416-b369-b8f0f5b13c44,2025-09-27 23:27:13.518513+00,2025-09-27 23:27:13.518513+00,c502f5b6-f57a-441a-a7f2-702c83255148,43a719d1-b700-44c8-8176-695050ce0287,summary,5,[]
1d3abf72-a4b8-47ad-982b-df2735dcf20a,2025-09-28 15:57:07.87498+00,2025-09-28 15:57:07.87498+00,3e6f0cba-c01e-4eca-b37b-5aad9a3d89c7,43a719d1-b700-44c8-8176-695050ce0287,summary,5,"[""Right level of detail"",""Good pronunciation"",""Easy to follow"",""Well structured"",""Pleasant voice""]"
1dcbbb68-ce67-45f7-9081-2e94ed47f023,2025-10-22 09:53:52.00323+00,2025-10-22 09:53:52.00323+00,1e68bd38-7f19-4047-a647-9c1a335b826a,b50e0d58-5ac0-427a-a4de-4b387c1c05b1,summary,5,"[""Right level of detail""]"
1f9cb9bd-e210-41b5-bfe8-b686598e5d0a,2025-09-30 23:00:28.417158+00,2025-09-30 23:00:28.417158+00,6cdaf8c3-0388-4673-ba21-ce4d4ec3b269,c4849c39-d9bd-4072-ba4b-d7ebc057b52d,summary,5,"[""Well structured""]"
1fd37524-3028-4bd4-9e63-45d4ab7b4416,2025-10-02 05:16:50.552308+00,2025-10-02 05:16:50.552308+00,daa21ec4-2cd2-4724-bf63-eec668de557f,aec0c8f9-b75a-4edc-8e60-dd7b9e92bcea,summary,5,"[""Easy to follow"",""Well structured""]"
20248f6e-0904-43d4-8cda-d9eccbc461c9,2025-09-27 15:07:28.350321+00,2025-09-27 15:07:28.350321+00,414636f7-bbb4-4fca-a9e7-be2177dff84d,a3a943ba-0df0-4645-9019-a05abdd2b030,summary,5,"[""Easy to follow""]"
20c53352-7371-4722-805d-4dc0828ca3fa,2025-10-01 07:11:22.107931+00,2025-10-01 07:11:22.107931+00,c36a025b-be6b-4ce9-92cd-b52b3470d77c,e3d7dfe2-ad6c-4b4c-a501-986c05dd9ad3,summary,4,[]
22b83fed-7f61-4b69-8805-b38e73d8881b,2025-10-09 05:34:21.581963+00,2025-10-09 05:34:21.581963+00,06cb0444-1e85-49a6-9468-acedd6b4d952,a3a943ba-0df0-4645-9019-a05abdd2b030,summary,5,[]
23792503-f713-4c4c-b9d7-9717e422ee3f,2025-10-18 01:17:11.11604+00,2025-10-18 01:17:11.11604+00,c4187179-4849-4f48-87f9-a0b99974a703,c725d17c-04cd-4ebb-afb4-2445b97f84cc,summary,5,[]
2392c9e8-085a-4c32-b122-19b82db2c8b4,2025-10-05 18:43:17.613398+00,2025-10-05 18:43:17.613398+00,80f6c346-5a6c-4a59-b401-ae123b0f9e6a,e3d7dfe2-ad6c-4b4c-a501-986c05dd9ad3,summary,5,"[""Easy to follow""]"
25cb3361-c380-4418-83de-66b7c206a2b0,2025-09-28 10:55:48.714253+00,2025-09-28 10:55:48.714253+00,2c3ea2b9-f142-4799-a5c1-c01678dc96e7,b50e0d58-5ac0-427a-a4de-4b387c1c05b1,summary,5,[]
2693eaa8-57ae-44fc-82f4-198bb45a73fb,2025-10-01 04:58:22.134326+00,2025-10-01 04:58:22.134326+00,f968dc8d-b41e-4898-b840-9d116423b0c3,9181b76c-67a9-4328-9632-3315cfc0b427,summary,4,"[""Right level of detail""]"
277ef27a-a429-4b2e-9047-ab06a118e2a2,2025-10-01 06:45:13.107127+00,2025-10-01 06:45:13.107127+00,2c755f47-680a-4620-8e10-f5a8017c1e01,43a719d1-b700-44c8-8176-695050ce0287,summary,5,"[""Right level of detail""]"
28a1aae0-1816-42ac-96c3-42635e4ce94b,2025-09-28 09:44:52.648021+00,2025-09-28 09:44:52.648021+00,3dd5a388-a889-49d6-945c-8e4018e03122,2b596717-2692-44b6-a768-5339499c4490,summary,5,[]
294adffe-66cd-4ddc-bf57-a1c3601c7176,2025-10-12 13:34:10.03734+00,2025-10-12 13:34:10.03734+00,8984f475-91e0-48ac-baca-35d7ec755c9c,c4849c39-d9bd-4072-ba4b-d7ebc057b52d,summary,5,"[""Easy to follow"",""Right level of detail"",""Pleasant voice"",""Well structured"",""Good pronunciation""]"
29b040d9-1327-472a-9746-c44332f703f5,2025-09-30 09:07:14.488431+00,2025-09-30 09:07:14.488431+00,965c93ae-4007-4ce3-9661-23686208d0c1,7ea24f8e-ccaf-4881-9231-b0c9597ad808,summary,5,"[""Right level of detail"",""Well structured"",""Others: it's a divine boon to the people who find it difficult to read books despite their enthusiasm especi""]"
29bc8757-2f7a-44ce-ab2a-4f33174f5f55,2025-09-27 08:40:50.397461+00,2025-09-27 08:40:50.397461+00,43e2cbf1-c57c-49e4-af7e-aba56f46cf40,2610c709-8108-4e18-aca5-a71b6e8e9fc3,summary,5,"[""Right level of detail"",""Good pronunciation"",""Well structured"",""Pleasant voice""]"
29c4aa5d-55bb-4f91-9208-04ccb352d0d0,2025-09-28 09:22:30.437268+00,2025-09-28 09:22:30.437268+00,989ba72d-50b4-4e86-80e5-7a6e877d1f9c,c4849c39-d9bd-4072-ba4b-d7ebc057b52d,summary,5,[]
2a3d6ca1-ca23-46f4-8bf6-6ec2f10376e2,2025-10-12 13:34:03.833427+00,2025-10-12 13:34:03.833427+00,8984f475-91e0-48ac-baca-35d7ec755c9c,c4849c39-d9bd-4072-ba4b-d7ebc057b52d,summary,5,"[""Easy to follow"",""Right level of detail"",""Pleasant voice"",""Well structured""]"
2a68fe52-6610-4bab-9767-0765093cab56,2025-10-07 03:36:48.384497+00,2025-10-07 03:36:48.384497+00,9a944fd7-8f14-4311-8e23-bd4535edb783,43a719d1-b700-44c8-8176-695050ce0287,summary,5,[]
2ac73932-72ae-46b9-b01d-afe066b5541e,2025-10-13 21:48:50.397333+00,2025-10-13 21:48:50.397333+00,b5b7f47a-8898-4e94-9c1f-f8e41a911506,2b596717-2692-44b6-a768-5339499c4490,summary,5,"[""Easy to follow""]"
2b09cbb0-0c50-4a99-a6ae-c282da353b42,2025-10-04 04:38:43.621732+00,2025-10-04 04:38:43.621732+00,f968dc8d-b41e-4898-b840-9d116423b0c3,a3a943ba-0df0-4645-9019-a05abdd2b030,summary,4,"[""Right level of detail"",""Well structured"",""Others: enjoyed hearing the review on anger to Love. All five steps on conquering ANGER beautifully explaine""]"
2c5099da-c978-433c-81c8-f6c2d0ac1ea6,2025-10-15 02:29:21.521066+00,2025-10-15 02:29:21.521066+00,53f83cb1-cdb9-49b6-82cd-2a480c803d01,7ea24f8e-ccaf-4881-9231-b0c9597ad808,summary,5,"[""Right level of detail""]"
2ccaaef5-b45b-422a-ac30-21016dbc3d64,2025-10-01 01:44:00.449726+00,2025-10-01 01:44:00.449726+00,8fb3b538-0e67-467c-ac83-2cdb17fd32e7,c4849c39-d9bd-4072-ba4b-d7ebc057b52d,summary,5,"[""Well structured""]"
2d0f3949-83ac-45a1-9411-14c64d0647bf,2025-10-19 09:58:41.236917+00,2025-10-19 09:58:41.236917+00,5a428934-0c91-4244-b853-67c17d62c72d,2610c709-8108-4e18-aca5-a71b6e8e9fc3,summary,5,"[""Easy to follow""]"
2da9a4c1-0641-477a-9578-105c0867d9e2,2025-10-19 07:55:29.717948+00,2025-10-19 07:55:29.717948+00,9bf70392-e535-413e-bc89-2336dbcada14,43a719d1-b700-44c8-8176-695050ce0287,summary,4,[]
2e467748-b1b0-4ff0-b7f4-72c4ffe79fe1,2025-10-01 06:49:03.57511+00,2025-10-01 06:49:03.57511+00,31b159d0-a0c5-462e-8f9b-9c5214282dc7,c4849c39-d9bd-4072-ba4b-d7ebc057b52d,summary,5,[]
2f5ddc09-f10f-4ef2-96c9-65123df1e674,2025-09-27 08:41:01.184492+00,2025-09-27 08:41:01.184492+00,43e2cbf1-c57c-49e4-af7e-aba56f46cf40,2610c709-8108-4e18-aca5-a71b6e8e9fc3,summary,5,"[""Right level of detail"",""Good pronunciation"",""Well structured"",""Pleasant voice""]"
2faacec4-e0c0-4cde-97e8-554b2b355af3,2025-10-01 16:48:56.443047+00,2025-10-01 16:48:56.443047+00,dc482e63-c69a-4268-8be2-07643e6e5939,a3a943ba-0df0-4645-9019-a05abdd2b030,summary,5,[]
2fb0843d-4197-4ec6-9e89-021c54c8ffbf,2025-09-27 08:41:01.188335+00,2025-09-27 08:41:01.188335+00,43e2cbf1-c57c-49e4-af7e-aba56f46cf40,2610c709-8108-4e18-aca5-a71b6e8e9fc3,summary,5,"[""Right level of detail"",""Good pronunciation"",""Well structured"",""Pleasant voice""]"
307a8fed-787c-450f-8e41-41216242df0d,2025-10-02 02:34:31.69939+00,2025-10-02 02:34:31.69939+00,1a4428e5-47d1-4507-8dab-43ba009368c5,c4849c39-d9bd-4072-ba4b-d7ebc057b52d,summary,5,"[""Right level of detail"",""Easy to follow"",""Good pronunciation"",""Pleasant voice"",""Well structured"",""Others: A  practical book with real spritual wisdom to read and implement in our daily life to grow...""]"
30fe1490-3cae-4ce6-9786-15b6c4b0c3f6,2025-10-01 04:09:23.684034+00,2025-10-01 04:09:23.684034+00,9a944fd7-8f14-4311-8e23-bd4535edb783,b50e0d58-5ac0-427a-a4de-4b387c1c05b1,summary,5,[]
316b8c0a-2576-4b42-8269-c52792b88096,2025-10-05 10:08:26.83438+00,2025-10-05 10:08:26.83438+00,be3d12a8-dae1-4df5-9eb5-7b5324be7122,701daffb-6b59-4b3d-a957-27cc4ecf302a,summary,5,[]
3189adce-f472-488d-a07e-63b5f5418e56,2025-09-27 08:41:06.358616+00,2025-09-27 08:41:06.358616+00,43e2cbf1-c57c-49e4-af7e-aba56f46cf40,2610c709-8108-4e18-aca5-a71b6e8e9fc3,summary,5,"[""Right level of detail"",""Good pronunciation"",""Well structured"",""Pleasant voice""]"
31aad46a-9ee3-47df-8e6b-29d43e33d738,2025-09-28 21:39:42.627199+00,2025-09-28 21:39:42.627199+00,58e43c58-a188-4467-83cf-4cca876430a5,43a719d1-b700-44c8-8176-695050ce0287,summary,5,"[""Easy to follow""]"
33334ff2-3cc9-44b1-acbf-874dd21d5ed3,2025-09-28 21:54:49.700894+00,2025-09-28 21:54:49.700894+00,196e409c-a563-4963-b26c-e2b6e9a954cd,4e9f1799-8847-4fe5-9310-d01ffe5dd2c0,summary,5,[]
33afa213-73cd-41c0-833c-3979e546de9c,2025-10-03 01:49:30.306973+00,2025-10-03 01:49:30.306973+00,dd28441b-828a-4fdb-ad46-32321a5bfa11,c4849c39-d9bd-4072-ba4b-d7ebc057b52d,summary,5,"[""Right level of detail""]"
33f4bf06-71b5-4762-9d4e-a476aae824f5,2025-09-27 17:44:43.99409+00,2025-09-27 17:44:43.99409+00,3bcbc50f-2a8f-40d0-b4b8-3779bd5d3c21,b50e0d58-5ac0-427a-a4de-4b387c1c05b1,summary,5,[]
35cb51a2-2fb4-4f88-a577-09a0566b6a22,2025-10-08 09:58:43.446011+00,2025-10-08 09:58:43.446011+00,d4decff4-1ce7-4ddf-8490-e08ac5e2178e,aec0c8f9-b75a-4edc-8e60-dd7b9e92bcea,summary,4,"[""Right level of detail"",""Easy to follow"",""Good pronunciation"",""Well structured""]"
36267a4f-2b8a-46e1-a78f-b0d5deea2554,2025-09-28 06:04:37.673271+00,2025-09-28 06:04:37.673271+00,0c8151cc-d4ec-4718-8f54-d331af7f332a,2b596717-2692-44b6-a768-5339499c4490,summary,5,"[""Right level of detail"",""Easy to follow"",""Good pronunciation"",""Pleasant voice"",""Well structured""]"
37baf805-4173-4b84-a5f3-0286aa7c687d,2025-09-27 23:25:35.125009+00,2025-09-27 23:25:35.125009+00,695aca63-2164-43ea-a11b-30614be0c9a1,89354efe-b8bc-477a-b9ba-74a8e5c6a7a1,summary,5,[]
3a152375-3589-4df2-8bae-0b84c7295ebf,2025-10-18 03:16:33.287862+00,2025-10-18 03:16:33.287862+00,9a5d6755-5a4a-4535-893a-abb646f217d2,c4849c39-d9bd-4072-ba4b-d7ebc057b52d,summary,5,[]
3a2e28aa-3d44-45f1-a33b-6a95dd8989b9,2025-10-02 08:56:48.638596+00,2025-10-02 08:56:48.638596+00,80f6c346-5a6c-4a59-b401-ae123b0f9e6a,a3a943ba-0df0-4645-9019-a05abdd2b030,summary,5,"[""Well structured""]"
3a9183ae-5d96-4c60-b99a-307e06f2dfde,2025-10-11 17:16:14.566799+00,2025-10-11 17:16:14.566799+00,9a5d6755-5a4a-4535-893a-abb646f217d2,2b596717-2692-44b6-a768-5339499c4490,summary,5,[]
3b7b735e-27db-460d-b66f-74722d5641f9,2025-09-30 02:39:17.300876+00,2025-09-30 02:39:17.300876+00,2f2af87b-1a51-4ae9-885c-39765dce0af8,701daffb-6b59-4b3d-a957-27cc4ecf302a,summary,5,"[""Well structured""]"
3c3bfbf3-90c1-4570-8fe2-3ac169a3223b,2025-10-04 03:16:56.80384+00,2025-10-04 03:16:56.80384+00,c4187179-4849-4f48-87f9-a0b99974a703,4e9f1799-8847-4fe5-9310-d01ffe5dd2c0,summary,5,[]
3d4bfd7d-f841-4fcf-8716-c2e3c3b3e001,2025-10-12 13:13:42.804483+00,2025-10-12 13:13:42.804483+00,8984f475-91e0-48ac-baca-35d7ec755c9c,b50e0d58-5ac0-427a-a4de-4b387c1c05b1,summary,5,"[""Right level of detail"",""Easy to follow"",""Good pronunciation"",""Pleasant voice"",""Well structured""]"
3d5f8292-60a7-457c-aa98-ace2f2f981ce,2025-10-16 08:02:01.838668+00,2025-10-16 08:02:01.838668+00,7e62eb39-5545-4ee8-b033-b31ca0c2bb97,16d1baef-8193-4e05-a831-6e389afc66d4,summary,4,[]
3d668f32-588a-4869-8c8d-03add4ff0034,2025-09-27 16:50:47.482633+00,2025-09-27 16:50:47.482633+00,e7484f24-444e-45c3-ace0-e2d75e224df1,b50e0d58-5ac0-427a-a4de-4b387c1c05b1,summary,5,[]
3d77eba7-2a73-4b30-bac8-17358855f01a,2025-09-30 10:09:02.728987+00,2025-09-30 10:09:02.728987+00,80f6c346-5a6c-4a59-b401-ae123b0f9e6a,701daffb-6b59-4b3d-a957-27cc4ecf302a,summary,5,"[""Easy to follow""]"
3d9b6727-fc9a-43f9-aca2-99318b736139,2025-10-26 13:00:42.846177+00,2025-10-26 13:00:42.846177+00,da7b7dd2-c3a2-44fa-9a93-90352b3e7871,43a719d1-b700-44c8-8176-695050ce0287,summary,5,"[""Easy to follow""]"
3de54c1c-da09-4b71-9eb9-48ad9a021604,2025-10-17 18:40:45.142652+00,2025-10-17 18:40:45.142652+00,869c6912-1df9-48dc-9f1a-1ae717c3ee98,2b596717-2692-44b6-a768-5339499c4490,summary,4,[]
3e0834df-276e-4313-9180-9f45b85f4d8f,2025-09-29 07:22:21.241906+00,2025-09-29 07:22:21.241906+00,aee29863-c42a-438d-b5c4-bdecb49af3a7,c4849c39-d9bd-4072-ba4b-d7ebc057b52d,summary,5,"[""Well structured""]"
3e58714a-7135-4296-9abe-333ab1951dfd,2025-09-27 15:07:28.349607+00,2025-09-27 15:07:28.349607+00,607ae9e7-742c-4d03-9a74-8b7200c3bca1,a3a943ba-0df0-4645-9019-a05abdd2b030,summary,5,"[""Easy to follow""]"
3fb343df-db57-407b-ae20-8ddfc012bc37,2025-09-27 08:40:52.770723+00,2025-09-27 08:40:52.770723+00,43e2cbf1-c57c-49e4-af7e-aba56f46cf40,2610c709-8108-4e18-aca5-a71b6e8e9fc3,summary,5,"[""Right level of detail"",""Good pronunciation"",""Well structured"",""Pleasant voice""]"
4038aa72-cbe0-45fc-98ed-b05c85ed9b4c,2025-10-23 03:04:47.79864+00,2025-10-23 03:04:47.79864+00,2f2af87b-1a51-4ae9-885c-39765dce0af8,3bf7254b-f2c6-4d5d-854f-67bc3c6bcca7,summary,5,[]
4102e322-503f-4758-af75-a43084ed23e1,2025-10-23 09:58:54.553889+00,2025-10-23 09:58:54.553889+00,94071b50-1c8b-44d9-b448-7bdfd3c80f04,c4849c39-d9bd-4072-ba4b-d7ebc057b52d,summary,5,[]
4118c597-04b6-46dc-9df5-a808ce81a4ca,2025-10-06 21:42:18.862299+00,2025-10-06 21:42:18.862299+00,87ea3090-6dfc-4b88-87cd-8e9ee43b29c9,5cf2f9e3-3275-49f5-accc-ef43f6c584e3,summary,5,"[""Right level of detail"",""Easy to follow"",""Good pronunciation"",""Pleasant voice"",""Well structured""]"
425fb985-0c79-4de4-9ac6-b90e5d108a37,2025-09-29 22:05:53.188572+00,2025-09-29 22:05:53.188572+00,87468f92-2da4-4a27-b22b-659595ad7b35,a3a943ba-0df0-4645-9019-a05abdd2b030,summary,5,"[""Well structured""]"
4397a9c9-1c73-4244-a194-5d56255ea48a,2025-09-30 08:40:55.584887+00,2025-09-30 08:40:55.584887+00,965c93ae-4007-4ce3-9661-23686208d0c1,2610c709-8108-4e18-aca5-a71b6e8e9fc3,summary,5,[]
44a7591a-ae65-432a-9673-dce6faa2cf5d,2025-10-28 19:34:33.673343+00,2025-10-28 19:34:33.673343+00,9f0e9362-94d6-4b21-bf44-93df23e0759a,b50e0d58-5ac0-427a-a4de-4b387c1c05b1,summary,4,[]
4558371a-fd54-4954-b64e-a7eaad91aa0a,2025-09-27 15:07:28.340067+00,2025-09-27 15:07:28.340067+00,a62e01ca-6280-4409-b3da-3be7122a0933,a3a943ba-0df0-4645-9019-a05abdd2b030,summary,5,"[""Easy to follow""]"
455837f3-f4af-495a-8e1b-4b28408ee3f8,2025-10-17 03:31:36.023583+00,2025-10-17 03:31:36.023583+00,9a5d6755-5a4a-4535-893a-abb646f217d2,aec0c8f9-b75a-4edc-8e60-dd7b9e92bcea,summary,5,[]
455f1fee-a975-492a-9d58-507a8992f702,2025-09-26 21:51:36.185365+00,2025-09-26 21:51:36.185365+00,ac33028c-94ef-444b-a4fe-5cce85c79771,b50e0d58-5ac0-427a-a4de-4b387c1c05b1,summary,4,"[""Well structured""]"
45dae77a-b81e-4e2a-bcba-f0b6b1585d82,2025-10-09 06:06:47.596902+00,2025-10-09 06:06:47.596902+00,06cb0444-1e85-49a6-9468-acedd6b4d952,4e9f1799-8847-4fe5-9310-d01ffe5dd2c0,summary,4,"[""Easy to follow"",""Well structured""]"
468476b3-d625-43d9-81f8-575a8a068edb,2025-10-04 00:32:36.080769+00,2025-10-04 00:32:36.080769+00,f24aeda9-390a-4d36-8cfa-1407922bb10a,c4849c39-d9bd-4072-ba4b-d7ebc057b52d,summary,4,"[""Right level of detail""]"
47c40b84-f945-45b4-9acb-3f09900d86ae,2025-10-13 21:29:21.331592+00,2025-10-13 21:29:21.331592+00,b5b7f47a-8898-4e94-9c1f-f8e41a911506,b50e0d58-5ac0-427a-a4de-4b387c1c05b1,summary,5,[]
4826b122-c22b-4929-a0fd-d450c208567c,2025-09-29 06:48:36.189393+00,2025-09-29 06:48:36.189393+00,87ea3090-6dfc-4b88-87cd-8e9ee43b29c9,2610c709-8108-4e18-aca5-a71b6e8e9fc3,summary,5,"[""Right level of detail"",""Easy to follow"",""Well structured"",""Pleasant voice"",""Good pronunciation""]"
4834b358-5e7c-4635-ab25-334c03a1930f,2025-09-27 08:41:01.184294+00,2025-09-27 08:41:01.184294+00,43e2cbf1-c57c-49e4-af7e-aba56f46cf40,2610c709-8108-4e18-aca5-a71b6e8e9fc3,summary,5,"[""Right level of detail"",""Good pronunciation"",""Well structured"",""Pleasant voice""]"
4843520d-e5fd-416c-85ce-c4a4373c8904,2025-10-12 13:34:19.393223+00,2025-10-12 13:34:19.393223+00,8984f475-91e0-48ac-baca-35d7ec755c9c,c4849c39-d9bd-4072-ba4b-d7ebc057b52d,summary,5,[]
492105c3-8250-4dbb-b192-e6125855d937,2025-10-19 16:22:42.041899+00,2025-10-19 16:22:42.041899+00,d58e93a2-d51b-4b2d-bb61-fbdf7dfda808,43a719d1-b700-44c8-8176-695050ce0287,summary,5,[]
497234b2-6c25-4581-bacb-b4e0c84e0c89,2025-09-28 08:07:14.496788+00,2025-09-28 08:07:14.496788+00,11d5ec38-520e-461b-8226-eddbf3be7dc7,2d242a27-75b5-4952-97fa-b30437cef044,summary,5,[]
4a8e39d7-4be7-4eba-b07e-ece1e85b2aed,2025-10-02 06:16:15.212817+00,2025-10-02 06:16:15.212817+00,9a944fd7-8f14-4311-8e23-bd4535edb783,c4849c39-d9bd-4072-ba4b-d7ebc057b52d,summary,5,[]
4b0b7410-5084-4ebc-a84e-d16647061d20,2025-10-01 03:25:04.464458+00,2025-10-01 03:25:04.464458+00,c36a025b-be6b-4ce9-92cd-b52b3470d77c,2610c709-8108-4e18-aca5-a71b6e8e9fc3,summary,5,[]
4b741158-2393-49ef-b802-b7a1bc685f5e,2025-10-01 02:40:12.698248+00,2025-10-01 02:40:12.698248+00,2f2af87b-1a51-4ae9-885c-39765dce0af8,701daffb-6b59-4b3d-a957-27cc4ecf302a,summary,5,"[""Well structured""]"
4c5a3d5c-ae88-4f67-aa26-fe792e9709ce,2025-09-27 15:07:28.361564+00,2025-09-27 15:07:28.361564+00,94515774-9723-4ed0-8831-1aac775bd3e8,a3a943ba-0df0-4645-9019-a05abdd2b030,summary,5,"[""Easy to follow""]"
4ccd5a69-8b3d-4a6c-ae6c-a935509c4175,2025-10-04 04:28:52.137866+00,2025-10-04 04:28:52.137866+00,618d5fb1-ffed-4ab2-9fc2-24fc28e909c9,89354efe-b8bc-477a-b9ba-74a8e5c6a7a1,summary,5,[]
4e5b270a-6564-4edc-aca9-5ee2c4a6d5e4,2025-09-29 16:43:57.975557+00,2025-09-29 16:43:57.975557+00,8984f475-91e0-48ac-baca-35d7ec755c9c,2b596717-2692-44b6-a768-5339499c4490,summary,5,"[""Right level of detail"",""Easy to follow"",""Well structured"",""Good pronunciation"",""Pleasant voice""]"
51af6bed-6ff3-4b56-914c-099751ef141b,2025-09-28 08:32:49.182428+00,2025-09-28 08:32:49.182428+00,0df803ed-a362-40b8-bc43-2484847c75a3,b50e0d58-5ac0-427a-a4de-4b387c1c05b1,summary,5,[]
51b21274-ab0f-42ea-974d-0421dfef1c91,2025-10-24 13:16:58.186074+00,2025-10-24 13:16:58.186074+00,ff7bdf56-2a70-42ce-8ec4-88ac7c8fcf6b,2b596717-2692-44b6-a768-5339499c4490,summary,5,[]
523d7ca7-2540-428d-ae8e-372e95769a6b,2025-10-04 00:09:40.15542+00,2025-10-04 00:09:40.15542+00,8984f475-91e0-48ac-baca-35d7ec755c9c,2b596717-2692-44b6-a768-5339499c4490,summary,5,"[""Right level of detail"",""Easy to follow"",""Good pronunciation"",""Pleasant voice"",""Well structured""]"
53101948-93f4-4979-88ac-c00df1d5bb37,2025-10-15 09:53:28.39666+00,2025-10-15 09:53:28.39666+00,d21988d0-ef93-493f-9034-456d7357079f,7ea24f8e-ccaf-4881-9231-b0c9597ad808,summary,5,[]
537baaa0-ac5f-43eb-8a1f-10ab56fb1b7b,2025-09-28 15:29:16.335421+00,2025-09-28 15:29:16.335421+00,c8c598d9-5195-4f04-9962-81501e263a47,2d242a27-75b5-4952-97fa-b30437cef044,summary,5,[]
54163c88-0403-4d64-9677-019c468455c7,2025-10-08 09:58:43.202021+00,2025-10-08 09:58:43.202021+00,ff36e83a-06c4-4cd3-8a64-a3bf5d2410d1,aec0c8f9-b75a-4edc-8e60-dd7b9e92bcea,summary,4,"[""Right level of detail"",""Easy to follow"",""Good pronunciation"",""Well structured""]"
5431a7db-a246-42e0-84e2-d0e134c84449,2025-09-28 13:49:57.893953+00,2025-09-28 13:49:57.893953+00,25ef4911-d069-42f1-99ad-bf81005fb936,43a719d1-b700-44c8-8176-695050ce0287,summary,5,[]
55da5446-0970-46ca-bf37-21ca10f2588e,2025-09-30 12:06:37.636508+00,2025-09-30 12:06:37.636508+00,4010e19e-28de-4bbe-af68-e2bb0de296da,2b596717-2692-44b6-a768-5339499c4490,summary,3,[]
574a6e33-65fe-4792-bc9e-dc204edec559,2025-09-29 10:13:31.391365+00,2025-09-29 10:13:31.391365+00,cd90a922-e98c-4012-a450-b12ef0e3449f,aec0c8f9-b75a-4edc-8e60-dd7b9e92bcea,summary,4,"[""Easy to follow""]"
59254940-69eb-4c8e-afe2-1ad7c4051b72,2025-10-15 11:00:21.038784+00,2025-10-15 11:00:21.038784+00,f99b5c48-caa1-42d4-b37b-3f9cb7cca1ac,c4849c39-d9bd-4072-ba4b-d7ebc057b52d,summary,5,[]
598a1ee6-7ee4-43fb-8b9f-c92d13dccea3,2025-10-14 10:18:10.621657+00,2025-10-14 10:18:10.621657+00,196a150e-f77b-45a2-aab1-6ce8ea9060bf,2610c709-8108-4e18-aca5-a71b6e8e9fc3,summary,4,[]
5c87c530-e256-459c-8a9b-e6fc4f3e948b,2025-10-28 12:36:16.203242+00,2025-10-28 12:36:16.203242+00,deb1f726-8f4b-466a-aa14-d3650086aceb,aec0c8f9-b75a-4edc-8e60-dd7b9e92bcea,summary,5,[]
5d309a4d-a308-4b48-b791-96491a5824c6,2025-10-10 04:52:01.966077+00,2025-10-10 04:52:01.966077+00,9a5d6755-5a4a-4535-893a-abb646f217d2,a3a943ba-0df0-4645-9019-a05abdd2b030,summary,5,[]
5fc6b489-84dc-4f48-bd52-b0e9c9694735,2025-09-29 22:05:53.170601+00,2025-09-29 22:05:53.170601+00,813582ef-002d-4408-b908-a470f131eb0b,a3a943ba-0df0-4645-9019-a05abdd2b030,summary,5,"[""Well structured""]"
6010a063-37b7-47d2-a730-8aa060889ef7,2025-10-12 20:48:42.205385+00,2025-10-12 20:48:42.205385+00,c21601bc-1291-4777-a5a5-16b272decb35,c4849c39-d9bd-4072-ba4b-d7ebc057b52d,summary,4,[]
6050eb3e-eb1d-445b-818a-e1e847bc47be,2025-10-03 01:44:09.642174+00,2025-10-03 01:44:09.642174+00,8984f475-91e0-48ac-baca-35d7ec755c9c,c4849c39-d9bd-4072-ba4b-d7ebc057b52d,summary,5,"[""Right level of detail"",""Easy to follow"",""Good pronunciation"",""Pleasant voice"",""Well structured""]"
605cc740-e7ab-467a-ab72-50a823628a0c,2025-10-02 10:32:25.719883+00,2025-10-02 10:32:25.719883+00,a932ed42-b64a-4152-823f-53f007fde529,025020aa-1e2c-45a1-9eb1-b5b034d7095b,summary,4,"[""Pleasant voice"",""Well structured"",""Easy to follow"",""Good pronunciation""]"
6119c032-c45a-40c3-a693-f508dbcee673,2025-09-30 11:50:53.992031+00,2025-09-30 11:50:53.992031+00,16a2cce0-32d2-49cc-b517-77e55a3a8f13,c4849c39-d9bd-4072-ba4b-d7ebc057b52d,summary,5,[]
611f6b28-02f5-4d88-b1b0-a037f1a90258,2025-10-15 11:03:37.758144+00,2025-10-15 11:03:37.758144+00,f99b5c48-caa1-42d4-b37b-3f9cb7cca1ac,c4849c39-d9bd-4072-ba4b-d7ebc057b52d,summary,5,"[""Easy to follow""]"
61618ea4-ce95-4161-acea-3b8b6f1c6488,2025-09-27 08:41:06.359092+00,2025-09-27 08:41:06.359092+00,43e2cbf1-c57c-49e4-af7e-aba56f46cf40,2610c709-8108-4e18-aca5-a71b6e8e9fc3,summary,5,"[""Right level of detail"",""Good pronunciation"",""Well structured"",""Pleasant voice""]"
61724828-8feb-4012-a69b-0de5f57b8084,2025-09-30 03:20:41.493407+00,2025-09-30 03:20:41.493407+00,432d579f-7c9a-4364-9eb2-d86579c42dbc,50355a21-c43a-43a8-a8c3-98a4fc94eb57,summary,5,"[""Well structured""]"
61dacc6c-e564-4e96-8b38-7080bf8853f4,2025-09-27 08:41:06.224339+00,2025-09-27 08:41:06.224339+00,43e2cbf1-c57c-49e4-af7e-aba56f46cf40,2610c709-8108-4e18-aca5-a71b6e8e9fc3,summary,5,"[""Right level of detail"",""Good pronunciation"",""Well structured"",""Pleasant voice""]"
624d36ff-b948-4b95-be1b-d60cf720da36,2025-09-30 04:03:36.456112+00,2025-09-30 04:03:36.456112+00,87ea3090-6dfc-4b88-87cd-8e9ee43b29c9,e3d7dfe2-ad6c-4b4c-a501-986c05dd9ad3,summary,5,"[""Right level of detail"",""Easy to follow"",""Good pronunciation"",""Pleasant voice"",""Well structured""]"
62cbd9e4-fb5a-4932-b3da-0a0c6007ec57,2025-10-02 14:20:03.677131+00,2025-10-02 14:20:03.677131+00,ea37b49b-34d5-4914-8195-5d1396ef63e6,c4849c39-d9bd-4072-ba4b-d7ebc057b52d,summary,4,[]
62d5eef8-e218-4a21-b201-f6f92f23dfc1,2025-10-08 04:16:17.182437+00,2025-10-08 04:16:17.182437+00,6f0ae916-2d46-4b24-b329-3582fa3cd281,43a719d1-b700-44c8-8176-695050ce0287,summary,5,"[""Easy to follow""]"
644a65fc-84a6-4d80-a819-406f677c7d2e,2025-10-04 03:16:56.796484+00,2025-10-04 03:16:56.796484+00,c4187179-4849-4f48-87f9-a0b99974a703,4e9f1799-8847-4fe5-9310-d01ffe5dd2c0,summary,5,[]
64fdaad3-f349-44ee-be96-fae1ecb34b51,2025-09-27 15:07:28.347645+00,2025-09-27 15:07:28.347645+00,215da25c-7340-486c-855c-8806fc007073,a3a943ba-0df0-4645-9019-a05abdd2b030,summary,5,"[""Easy to follow""]"
660985e9-6bbd-4fa2-b7cd-e5955d7dd630,2025-09-29 14:38:48.258728+00,2025-09-29 14:38:48.258728+00,011e0ec0-619b-469f-b014-9823810450fe,4e9f1799-8847-4fe5-9310-d01ffe5dd2c0,summary,4,[]
665ac8bb-e744-4ba5-beb8-dfdf1fa299fe,2025-10-08 09:58:43.195412+00,2025-10-08 09:58:43.195412+00,eb17d6c8-a98a-41eb-b7ca-9070a91b4384,aec0c8f9-b75a-4edc-8e60-dd7b9e92bcea,summary,4,"[""Right level of detail"",""Easy to follow"",""Good pronunciation"",""Well structured""]"
67b6d130-6c7a-461b-87a7-7858e72e469c,2025-10-04 12:58:33.949417+00,2025-10-04 12:58:33.949417+00,253b1368-e5a5-4868-a729-1f49d12b4518,c4849c39-d9bd-4072-ba4b-d7ebc057b52d,summary,4,[]
68caa3bd-1cba-4597-b03b-3901982412ed,2025-10-02 04:47:17.547089+00,2025-10-02 04:47:17.547089+00,fe5f3a60-3080-4063-82c9-cf1abe92f4aa,43a719d1-b700-44c8-8176-695050ce0287,summary,5,"[""Good pronunciation"",""Easy to follow"",""Right level of detail"",""Pleasant voice"",""Well structured"",""Others: overall It is marvel and can not consider in value.It is precious ""]"
68f4ee23-4d66-47bf-9583-fc598043d220,2025-10-06 16:29:10.930608+00,2025-10-06 16:29:10.930608+00,ab1172c8-043a-48b0-a0a4-3edfeea2c062,c4849c39-d9bd-4072-ba4b-d7ebc057b52d,summary,5,[]
693fea9e-fb49-4218-bafc-d6eec318309d,2025-10-03 16:43:06.029203+00,2025-10-03 16:43:06.029203+00,7e0ddce9-52c2-412c-8814-5e8cc6072c9b,c4849c39-d9bd-4072-ba4b-d7ebc057b52d,summary,5,[]
6995b008-c941-4f0a-aa68-8bb0681f2172,2025-09-28 14:30:34.391363+00,2025-09-28 14:30:34.391363+00,f4d207bb-65a7-49fb-8ca4-b2f1a5752860,b50e0d58-5ac0-427a-a4de-4b387c1c05b1,summary,4,[]
6a409e82-17a9-4b2e-a44a-c8b2d4886819,2025-10-01 03:41:51.524542+00,2025-10-01 03:41:51.524542+00,3c151211-31e6-4aa3-b20c-9ba3b2d51627,701daffb-6b59-4b3d-a957-27cc4ecf302a,summary,5,[]
6a936eb7-eec2-4453-b419-219891554fce,2025-09-30 13:50:35.132833+00,2025-09-30 13:50:35.132833+00,c4df85c0-f417-4558-b340-1463ccaafb53,c4849c39-d9bd-4072-ba4b-d7ebc057b52d,summary,5,[]
6aff443a-fde6-446e-bbbc-f50fd01b863a,2025-09-28 04:51:54.6442+00,2025-09-28 04:51:54.6442+00,3074e1ab-4e6a-4d0f-a2b7-0f34f986484a,50355a21-c43a-43a8-a8c3-98a4fc94eb57,summary,4,"[""Easy to follow""]"
6c1d5a43-24b1-4dc2-836d-c2148e90a8bc,2025-09-29 07:16:42.357393+00,2025-09-29 07:16:42.357393+00,87ea3090-6dfc-4b88-87cd-8e9ee43b29c9,4e9f1799-8847-4fe5-9310-d01ffe5dd2c0,summary,5,"[""Right level of detail"",""Easy to follow"",""Good pronunciation"",""Pleasant voice"",""Well structured""]"
6c86fef9-b7c4-45c0-af15-db57c566f6e2,2025-10-01 07:42:12.529713+00,2025-10-01 07:42:12.529713+00,c36a025b-be6b-4ce9-92cd-b52b3470d77c,16d1baef-8193-4e05-a831-6e389afc66d4,summary,5,[]
6cbe0e36-18f5-42d8-99b6-6bbc8a516266,2025-09-28 14:30:34.39575+00,2025-09-28 14:30:34.39575+00,f4d207bb-65a7-49fb-8ca4-b2f1a5752860,b50e0d58-5ac0-427a-a4de-4b387c1c05b1,summary,4,[]
6cfa0847-60a0-4fb7-9f58-b26362fe70ca,2025-10-02 11:39:47.017321+00,2025-10-02 11:39:47.017321+00,8984f475-91e0-48ac-baca-35d7ec755c9c,c4849c39-d9bd-4072-ba4b-d7ebc057b52d,summary,5,"[""Right level of detail"",""Easy to follow"",""Good pronunciation"",""Pleasant voice"",""Well structured""]"
6d320c86-c62d-4981-add7-3b9207f622e1,2025-10-01 06:45:12.97486+00,2025-10-01 06:45:12.97486+00,2c755f47-680a-4620-8e10-f5a8017c1e01,43a719d1-b700-44c8-8176-695050ce0287,summary,5,"[""Right level of detail""]"
6d677e73-2fc0-4d19-9c2d-5acc11988197,2025-10-05 13:03:49.595358+00,2025-10-05 13:03:49.595358+00,c22c498b-f78c-4a9e-a755-730738be189d,a3a943ba-0df0-4645-9019-a05abdd2b030,summary,5,"[""Easy to follow""]"
6d9f5841-a50b-4c3d-a433-ca66d44f8e05,2025-10-01 02:28:46.105131+00,2025-10-01 02:28:46.105131+00,c4df85c0-f417-4558-b340-1463ccaafb53,b50e0d58-5ac0-427a-a4de-4b387c1c05b1,summary,5,[]
6de51ef3-c05d-40ec-90db-b731597f285c,2025-09-30 14:07:42.39925+00,2025-09-30 14:07:42.39925+00,f2c515a6-46d9-48b6-a5b3-3341608edadf,43a719d1-b700-44c8-8176-695050ce0287,summary,5,[]
6f26c066-34c3-4133-8863-1c1dd6b949c8,2025-10-17 03:31:31.558847+00,2025-10-17 03:31:31.558847+00,9a5d6755-5a4a-4535-893a-abb646f217d2,aec0c8f9-b75a-4edc-8e60-dd7b9e92bcea,summary,5,[]
6f5be058-1535-4b2e-840f-140e447e5a88,2025-10-04 01:16:47.340844+00,2025-10-04 01:16:47.340844+00,3ad76948-a91f-4883-86c5-d056f392ddb6,c4849c39-d9bd-4072-ba4b-d7ebc057b52d,summary,5,[]
7073605f-cb9b-45f4-9cdb-6f15b8b90f67,2025-10-04 12:58:33.940891+00,2025-10-04 12:58:33.940891+00,253b1368-e5a5-4868-a729-1f49d12b4518,c4849c39-d9bd-4072-ba4b-d7ebc057b52d,summary,4,[]
70867df3-c297-4bbe-a5fb-3b692cb2ee14,2025-09-27 20:03:45.500356+00,2025-09-27 20:03:45.500356+00,acd509aa-b110-4d13-9f30-b42e28e325be,c0d96c7f-5f78-4a59-ac69-341064a37c17,summary,5,[]
711fe522-9a87-4166-b241-4af3a6779b21,2025-10-18 14:38:46.91357+00,2025-10-18 14:38:46.91357+00,6f2b03be-9399-45c7-8456-dd10bed6e402,c4849c39-d9bd-4072-ba4b-d7ebc057b52d,summary,5,[]
71c92ce2-73f8-4104-a03b-25388f6586b2,2025-09-27 08:41:06.223353+00,2025-09-27 08:41:06.223353+00,43e2cbf1-c57c-49e4-af7e-aba56f46cf40,2610c709-8108-4e18-aca5-a71b6e8e9fc3,summary,5,"[""Right level of detail"",""Good pronunciation"",""Well structured"",""Pleasant voice""]"
71e2dc78-743a-426e-8bcb-9a0cb01256ea,2025-10-04 15:49:07.357973+00,2025-10-04 15:49:07.357973+00,8a8a5fed-a303-48e9-a188-4ccde6153e40,43a719d1-b700-44c8-8176-695050ce0287,summary,4,"[""Well structured"",""Pleasant voice"",""Easy to follow"",""Good pronunciation"",""Right level of detail""]"
749e3b54-aa14-4289-8360-a28c62fbe453,2025-10-01 02:34:00.181085+00,2025-10-01 02:34:00.181085+00,44b5b8fc-7afa-4a24-abd3-99a4cf0fda17,3bf7254b-f2c6-4d5d-854f-67bc3c6bcca7,summary,5,"[""Good pronunciation""]"
74dc98ea-4418-44d2-b6d0-f7c6b8b102ab,2025-10-03 05:50:45.819286+00,2025-10-03 05:50:45.819286+00,00912375-28ea-422f-b0e2-dfa87cc2ef6d,2b596717-2692-44b6-a768-5339499c4490,summary,5,"[""Right level of detail"",""Good pronunciation"",""Pleasant voice"",""Easy to follow"",""Well structured""]"
75da3775-8af8-4cf2-ac87-fb3eea35365a,2025-10-12 13:34:05.156202+00,2025-10-12 13:34:05.156202+00,8984f475-91e0-48ac-baca-35d7ec755c9c,c4849c39-d9bd-4072-ba4b-d7ebc057b52d,summary,5,"[""Easy to follow"",""Right level of detail"",""Pleasant voice"",""Well structured""]"
7693ee2c-fd55-42f4-8029-a13900774a99,2025-10-13 02:46:17.229955+00,2025-10-13 02:46:17.229955+00,e655f842-6a47-4716-a45d-cae3a4145e0c,b50e0d58-5ac0-427a-a4de-4b387c1c05b1,summary,5,[]
77894b1c-c421-460f-8998-727b072f49cb,2025-09-28 11:34:32.183567+00,2025-09-28 11:34:32.183567+00,cec22eea-2f00-44ab-b5b1-f506aa461db5,b05f8d22-08e0-4744-91be-6c45e684d2fa,summary,5,[]
78314b26-1e94-4a51-b8cf-ceaca68c308c,2025-09-27 08:41:06.218645+00,2025-09-27 08:41:06.218645+00,43e2cbf1-c57c-49e4-af7e-aba56f46cf40,2610c709-8108-4e18-aca5-a71b6e8e9fc3,summary,5,"[""Right level of detail"",""Good pronunciation"",""Well structured"",""Pleasant voice""]"
785c6279-d22d-4cdf-a5b7-d69f670693f7,2025-10-04 01:16:47.504923+00,2025-10-04 01:16:47.504923+00,3ad76948-a91f-4883-86c5-d056f392ddb6,c4849c39-d9bd-4072-ba4b-d7ebc057b52d,summary,5,[]
7a88995d-a44e-4731-8236-45c79b6dfdb5,2025-09-28 10:56:06.066398+00,2025-09-28 10:56:06.066398+00,2c3ea2b9-f142-4799-a5c1-c01678dc96e7,b50e0d58-5ac0-427a-a4de-4b387c1c05b1,summary,5,"[""Easy to follow"",""Well structured""]"
7b077921-71f3-4c57-be81-7efc3f46578e,2025-10-02 07:10:34.816043+00,2025-10-02 07:10:34.816043+00,66ff7fc6-afce-48fa-8e85-018e3300fe13,c4849c39-d9bd-4072-ba4b-d7ebc057b52d,summary,4,[]
7bcdc1ea-5383-461b-b160-f2380ee00d94,2025-09-28 21:39:42.905054+00,2025-09-28 21:39:42.905054+00,fe4832c6-c7e9-4dea-b9d3-45f307478e87,43a719d1-b700-44c8-8176-695050ce0287,summary,5,"[""Easy to follow""]"
7c8d1f59-8abd-4e3d-8544-28b6fcf26534,2025-10-28 10:49:07.552164+00,2025-10-28 10:49:07.552164+00,deb1f726-8f4b-466a-aa14-d3650086aceb,2b596717-2692-44b6-a768-5339499c4490,summary,5,[]
7d3d5362-da5d-481a-b123-0ea320b8ae2a,2025-09-28 15:57:08.797016+00,2025-09-28 15:57:08.797016+00,3e6f0cba-c01e-4eca-b37b-5aad9a3d89c7,43a719d1-b700-44c8-8176-695050ce0287,summary,5,"[""Right level of detail"",""Good pronunciation"",""Easy to follow"",""Well structured"",""Pleasant voice""]"
7d5fe00c-5116-4bd8-9252-b867323098a6,2025-09-28 18:01:05.922953+00,2025-09-28 18:01:05.922953+00,8b81f2d9-9eda-4a65-9e74-aec94dc17dd6,43a719d1-b700-44c8-8176-695050ce0287,summary,4,[]
7ec93887-2b58-4c15-a8cc-a2ebe372f882,2025-10-01 03:48:05.42197+00,2025-10-01 03:48:05.42197+00,a6bec934-c6ef-4422-a7e6-8d0bddeedd2e,50355a21-c43a-43a8-a8c3-98a4fc94eb57,summary,5,"[""Well structured""]"
7ed3575b-8cfe-476a-b552-6e5afb6f7ce2,2025-10-10 02:49:57.328135+00,2025-10-10 02:49:57.328135+00,421e1df4-346b-4bda-a248-995a7cce8c0c,fc504004-08f5-429a-9693-5b93a8f95015,summary,5,"[""Well structured""]"
7ed84417-2696-4051-a905-7f33b8e67323,2025-10-03 06:44:31.383638+00,2025-10-03 06:44:31.383638+00,1040d936-9a18-4511-a93e-2d8e43e3edcd,87d560d7-3946-44df-8415-44b6e9d8a1fd,summary,5,[]
7f8498fe-0fcd-45c1-8fbc-378d66cf1415,2025-10-04 12:58:33.657094+00,2025-10-04 12:58:33.657094+00,253b1368-e5a5-4868-a729-1f49d12b4518,c4849c39-d9bd-4072-ba4b-d7ebc057b52d,summary,4,[]
7f8d5dcd-7374-423f-9604-e790c87bd102,2025-09-27 19:32:53.682023+00,2025-09-27 19:32:53.682023+00,acd509aa-b110-4d13-9f30-b42e28e325be,aec0c8f9-b75a-4edc-8e60-dd7b9e92bcea,summary,5,[]
80a92605-345d-4a24-8d2b-5f1d65480295,2025-10-04 12:58:33.999136+00,2025-10-04 12:58:33.999136+00,253b1368-e5a5-4868-a729-1f49d12b4518,c4849c39-d9bd-4072-ba4b-d7ebc057b52d,summary,4,[]
813bd052-7b1e-4624-9598-4bb1d12666ef,2025-10-16 08:02:07.563043+00,2025-10-16 08:02:07.563043+00,7e62eb39-5545-4ee8-b033-b31ca0c2bb97,16d1baef-8193-4e05-a831-6e389afc66d4,summary,4,[]
820430a7-1b38-4c12-b517-debd6681bf26,2025-09-28 10:56:06.076437+00,2025-09-28 10:56:06.076437+00,2c3ea2b9-f142-4799-a5c1-c01678dc96e7,b50e0d58-5ac0-427a-a4de-4b387c1c05b1,summary,5,"[""Easy to follow"",""Well structured""]"
830e01bb-cf68-41ec-af3a-5fa9dbc20a4b,2025-09-29 06:42:03.2511+00,2025-09-29 06:42:03.2511+00,1854b51f-eeb3-4bef-8940-763f5f6aba93,43a719d1-b700-44c8-8176-695050ce0287,summary,5,"[""Right level of detail"",""Easy to follow"",""Well structured"",""Pleasant voice"",""Good pronunciation""]"
830ed203-ba48-4e11-82d2-f629a4772fe7,2025-09-27 08:40:58.95398+00,2025-09-27 08:40:58.95398+00,43e2cbf1-c57c-49e4-af7e-aba56f46cf40,2610c709-8108-4e18-aca5-a71b6e8e9fc3,summary,5,"[""Right level of detail"",""Good pronunciation"",""Well structured"",""Pleasant voice""]"
8365c544-9f40-4461-8661-8f5fec0eeab0,2025-10-07 02:45:18.117294+00,2025-10-07 02:45:18.117294+00,87ea3090-6dfc-4b88-87cd-8e9ee43b29c9,5cf2f9e3-3275-49f5-accc-ef43f6c584e3,summary,5,"[""Right level of detail"",""Good pronunciation"",""Easy to follow"",""Pleasant voice"",""Well structured""]"
86f403ca-8dca-4754-845a-6d84479cba49,2025-10-28 06:35:51.226922+00,2025-10-28 06:35:51.226922+00,05d9d549-1290-495b-bf87-e71c3da55b44,c4849c39-d9bd-4072-ba4b-d7ebc057b52d,summary,5,"[""Good pronunciation"",""Easy to follow"",""Well structured"",""Pleasant voice""]"
875a5e0d-c368-460e-8a20-821a6520b546,2025-10-17 03:31:36.028548+00,2025-10-17 03:31:36.028548+00,9a5d6755-5a4a-4535-893a-abb646f217d2,aec0c8f9-b75a-4edc-8e60-dd7b9e92bcea,summary,5,[]
87f70899-cb5e-4d5c-aa66-6da09d337c59,2025-09-29 22:05:53.179672+00,2025-09-29 22:05:53.179672+00,052425ea-de95-48fa-bf13-f153a653cd58,a3a943ba-0df0-4645-9019-a05abdd2b030,summary,5,"[""Well structured""]"
884d337e-746e-46eb-8787-c77c0385314a,2025-10-12 17:00:29.963495+00,2025-10-12 17:00:29.963495+00,63fc03a0-f6ca-41a0-b757-86714625cbb4,2b596717-2692-44b6-a768-5339499c4490,summary,5,[]
88c0dfa2-fac4-4d5a-a6bb-cb7123f9be17,2025-10-27 02:36:49.134848+00,2025-10-27 02:36:49.134848+00,9a5d6755-5a4a-4535-893a-abb646f217d2,2b596717-2692-44b6-a768-5339499c4490,summary,5,[]
8a3f6a5f-3344-4f2b-88e4-e4f71e3af474,2025-10-01 00:20:58.343411+00,2025-10-01 00:20:58.343411+00,e625d8ee-cc04-4fdf-a6fc-8033747a7a75,a3a943ba-0df0-4645-9019-a05abdd2b030,summary,5,"[""Right level of detail""]"
8b7263f1-b1c2-4fdb-b103-67c258bad258,2025-10-06 16:32:17.790033+00,2025-10-06 16:32:17.790033+00,ab1172c8-043a-48b0-a0a4-3edfeea2c062,43a719d1-b700-44c8-8176-695050ce0287,summary,5,[]
8c26b7dd-2153-4f69-8c45-b26a70b02ea1,2025-09-27 05:37:17.840991+00,2025-09-27 05:37:17.840991+00,f4d207bb-65a7-49fb-8ca4-b2f1a5752860,43a719d1-b700-44c8-8176-695050ce0287,summary,5,[]
8ddf4568-7652-418a-ae64-b83868469cb5,2025-10-14 09:32:07.787367+00,2025-10-14 09:32:07.787367+00,9a944fd7-8f14-4311-8e23-bd4535edb783,a3a943ba-0df0-4645-9019-a05abdd2b030,summary,5,[]
8e06b900-52fa-4341-89d0-ca738f2c29b1,2025-10-22 14:36:44.88638+00,2025-10-22 14:36:44.88638+00,4392ad5d-0c72-49c3-8a71-71476fa7b1c6,b50e0d58-5ac0-427a-a4de-4b387c1c05b1,summary,5,"[""Right level of detail"",""Easy to follow"",""Well structured"",""Good pronunciation"",""Pleasant voice""]"
8e682084-43c2-4bf2-9737-372d01ae5aff,2025-10-04 12:00:10.25167+00,2025-10-04 12:00:10.25167+00,b0277fec-ded5-40e0-bd26-8539430691d9,c4849c39-d9bd-4072-ba4b-d7ebc057b52d,summary,5,[]
8ed6b847-3e1d-48cf-aa46-d0d2785ad2eb,2025-09-27 08:40:52.766973+00,2025-09-27 08:40:52.766973+00,43e2cbf1-c57c-49e4-af7e-aba56f46cf40,2610c709-8108-4e18-aca5-a71b6e8e9fc3,summary,5,"[""Right level of detail"",""Good pronunciation"",""Well structured"",""Pleasant voice""]"
8f0db235-a409-4658-a7d3-0705ab8f02b5,2025-10-04 06:08:08.582338+00,2025-10-04 06:08:08.582338+00,daa21ec4-2cd2-4724-bf63-eec668de557f,af559fea-9185-472a-b280-3bdf4df8b76c,summary,4,"[""Right level of detail"",""Pleasant voice""]"
8f5538b0-3cfb-414b-ab11-7fd484b449e5,2025-10-12 13:34:24.686813+00,2025-10-12 13:34:24.686813+00,8984f475-91e0-48ac-baca-35d7ec755c9c,c4849c39-d9bd-4072-ba4b-d7ebc057b52d,summary,5,"[""Right level of detail"",""Easy to follow"",""Good pronunciation"",""Pleasant voice"",""Well structured""]"
8f8c91f2-822a-4a4e-89ab-2ee2ff961ffe,2025-10-06 12:31:58.916723+00,2025-10-06 12:31:58.916723+00,ba9eb0b8-d37b-4015-aeba-5c8b14411096,701daffb-6b59-4b3d-a957-27cc4ecf302a,summary,5,[]
900d85f4-9a4e-4044-8177-f49caef5c46f,2025-09-27 08:41:06.221564+00,2025-09-27 08:41:06.221564+00,43e2cbf1-c57c-49e4-af7e-aba56f46cf40,2610c709-8108-4e18-aca5-a71b6e8e9fc3,summary,5,"[""Right level of detail"",""Good pronunciation"",""Well structured"",""Pleasant voice""]"
906f90a6-af55-465b-9b07-dabbda3ad758,2025-10-25 08:11:07.636585+00,2025-10-25 08:11:07.636585+00,6c26c45b-96e0-44a0-83ee-b2fccf681bbd,43a719d1-b700-44c8-8176-695050ce0287,summary,5,"[""Easy to follow""]"
922595ca-e7c7-4a14-9f21-603ba7667b9b,2025-09-27 08:41:21.686485+00,2025-09-27 08:41:21.686485+00,43e2cbf1-c57c-49e4-af7e-aba56f46cf40,2610c709-8108-4e18-aca5-a71b6e8e9fc3,summary,5,"[""Right level of detail"",""Good pronunciation"",""Well structured"",""Pleasant voice"",""Easy to follow"",""Others: great experience ""]"
925c8d8d-00de-4117-862d-83e3a3a02b1a,2025-09-30 13:50:29.461679+00,2025-09-30 13:50:29.461679+00,c4df85c0-f417-4558-b340-1463ccaafb53,c4849c39-d9bd-4072-ba4b-d7ebc057b52d,summary,5,[]
92d487a6-e65d-4dd4-8c45-fa40f5413913,2025-10-04 03:16:56.791494+00,2025-10-04 03:16:56.791494+00,c4187179-4849-4f48-87f9-a0b99974a703,4e9f1799-8847-4fe5-9310-d01ffe5dd2c0,summary,5,[]
92ea1541-32cd-431d-aee0-b126a0fc7b7c,2025-09-28 20:08:13.457051+00,2025-09-28 20:08:13.457051+00,6e72059f-162a-45d2-bf54-0726cc73ca8e,701daffb-6b59-4b3d-a957-27cc4ecf302a,summary,5,"[""Good pronunciation"",""Well structured"",""Easy to follow""]"
9389adbe-b4dd-4dd5-879d-465e8f1c9c26,2025-09-27 16:35:10.404462+00,2025-09-27 16:35:10.404462+00,3bcbc50f-2a8f-40d0-b4b8-3779bd5d3c21,aec0c8f9-b75a-4edc-8e60-dd7b9e92bcea,summary,5,[]
94505695-03fd-4335-a488-c2841d5fd8d8,2025-10-02 02:31:48.108756+00,2025-10-02 02:31:48.108756+00,1dae2b7f-c8dc-40d2-9bf3-3b73ce86c846,701daffb-6b59-4b3d-a957-27cc4ecf302a,summary,4,"[""Good pronunciation"",""Easy to follow""]"
95fab83f-1bc8-48a9-95b3-220865067136,2025-10-17 03:56:11.175562+00,2025-10-17 03:56:11.175562+00,9a5d6755-5a4a-4535-893a-abb646f217d2,43a719d1-b700-44c8-8176-695050ce0287,summary,5,[]
961ce6f3-9318-44c4-b349-6f2d96753b0d,2025-10-17 03:56:12.241252+00,2025-10-17 03:56:12.241252+00,9a5d6755-5a4a-4535-893a-abb646f217d2,43a719d1-b700-44c8-8176-695050ce0287,summary,5,[]
96a3332d-c592-46e0-a75d-b407a6d5bbab,2025-09-27 08:41:01.227344+00,2025-09-27 08:41:01.227344+00,43e2cbf1-c57c-49e4-af7e-aba56f46cf40,2610c709-8108-4e18-aca5-a71b6e8e9fc3,summary,5,"[""Right level of detail"",""Good pronunciation"",""Well structured"",""Pleasant voice""]"
97532212-bee9-4a4f-b3ae-dec7092c8be7,2025-10-14 10:18:09.975953+00,2025-10-14 10:18:09.975953+00,196a150e-f77b-45a2-aab1-6ce8ea9060bf,2610c709-8108-4e18-aca5-a71b6e8e9fc3,summary,4,[]
982e166a-3654-4bab-b456-f15a9d4dfde8,2025-10-01 05:48:54.270102+00,2025-10-01 05:48:54.270102+00,9bf70392-e535-413e-bc89-2336dbcada14,43a719d1-b700-44c8-8176-695050ce0287,summary,4,[]
9937077e-ad64-4b44-a90d-86173b92500d,2025-10-19 07:14:19.535538+00,2025-10-19 07:14:19.535538+00,66ff7fc6-afce-48fa-8e85-018e3300fe13,2b596717-2692-44b6-a768-5339499c4490,summary,4,[]
9b7cb7d8-24b6-44c0-9447-4ac7032a75e3,2025-10-28 11:16:58.212331+00,2025-10-28 11:16:58.212331+00,deb1f726-8f4b-466a-aa14-d3650086aceb,a3a943ba-0df0-4645-9019-a05abdd2b030,summary,5,[]
9c0c71da-74c0-4707-88ea-707969e9f70b,2025-09-27 08:41:21.684111+00,2025-09-27 08:41:21.684111+00,43e2cbf1-c57c-49e4-af7e-aba56f46cf40,2610c709-8108-4e18-aca5-a71b6e8e9fc3,summary,5,"[""Right level of detail"",""Good pronunciation"",""Well structured"",""Pleasant voice"",""Easy to follow"",""Others: great experience ""]"
9c18a38b-8265-462e-963d-01fae6cb489a,2025-09-27 16:15:38.056385+00,2025-09-27 16:15:38.056385+00,3bcbc50f-2a8f-40d0-b4b8-3779bd5d3c21,fc504004-08f5-429a-9693-5b93a8f95015,summary,5,"[""Well structured"",""Easy to follow"",""Right level of detail""]"
9ce5950b-2f41-4abd-82de-aa1a3dcc51af,2025-10-04 03:16:56.878061+00,2025-10-04 03:16:56.878061+00,c4187179-4849-4f48-87f9-a0b99974a703,4e9f1799-8847-4fe5-9310-d01ffe5dd2c0,summary,5,[]
9d4f1f37-de69-4be6-b1bd-010853e73bd8,2025-10-21 17:50:46.008237+00,2025-10-21 17:50:46.008237+00,8c747703-58b8-4d50-a85c-749acad2aa98,c4849c39-d9bd-4072-ba4b-d7ebc057b52d,summary,5,"[""Well structured""]"
9da05dee-3f3a-4e24-b03d-79192c6c8762,2025-10-28 19:34:33.378333+00,2025-10-28 19:34:33.378333+00,68f3cbd5-ce77-46b2-8cab-7c8809f3cec4,b50e0d58-5ac0-427a-a4de-4b387c1c05b1,summary,4,[]
9e8edd62-a6e6-40be-b961-608419d05dfc,2025-09-28 10:56:06.066693+00,2025-09-28 10:56:06.066693+00,2c3ea2b9-f142-4799-a5c1-c01678dc96e7,b50e0d58-5ac0-427a-a4de-4b387c1c05b1,summary,5,"[""Easy to follow"",""Well structured""]"
9eb369a2-1ff1-4a90-b81a-30629abb34ee,2025-09-29 10:53:51.198272+00,2025-09-29 10:53:51.198272+00,806304d7-0966-4f91-adbf-fb50e1c27ba9,c4849c39-d9bd-4072-ba4b-d7ebc057b52d,summary,5,"[""Well structured"",""Pleasant voice"",""Good pronunciation""]"
a0d5f4e0-d352-4473-94ed-4dff20d7fbec,2025-10-22 03:04:44.152612+00,2025-10-22 03:04:44.152612+00,36f3782c-20c4-4d21-b8e0-5103e9220734,c4849c39-d9bd-4072-ba4b-d7ebc057b52d,summary,5,"[""Right level of detail"",""Easy to follow"",""Well structured""]"
a4034d3e-2dc3-4265-ab51-f47f505531f0,2025-09-27 08:40:52.769886+00,2025-09-27 08:40:52.769886+00,43e2cbf1-c57c-49e4-af7e-aba56f46cf40,2610c709-8108-4e18-aca5-a71b6e8e9fc3,summary,5,"[""Right level of detail"",""Good pronunciation"",""Well structured"",""Pleasant voice""]"
a53fcdfa-31ac-4ced-ad21-cbe57caa7743,2025-09-30 16:16:29.719323+00,2025-09-30 16:16:29.719323+00,9a608b14-ddb5-44f6-b4fa-1a98a0a04ff1,2b596717-2692-44b6-a768-5339499c4490,summary,5,[]
a743d318-78e1-4a2a-826d-650440103485,2025-10-11 17:16:14.569121+00,2025-10-11 17:16:14.569121+00,9a5d6755-5a4a-4535-893a-abb646f217d2,2b596717-2692-44b6-a768-5339499c4490,summary,5,[]
a89bdc29-10f7-4a9a-b93b-e07a212a52f4,2025-10-02 11:02:25.96006+00,2025-10-02 11:02:25.96006+00,214f9ba7-01a3-4379-ab5a-f679ac27f2b6,701daffb-6b59-4b3d-a957-27cc4ecf302a,summary,5,[]
aa0cbf5d-171f-42ee-a63d-e22e1c7d813c,2025-10-07 14:55:23.243097+00,2025-10-07 14:55:23.243097+00,589fa413-4067-4669-a182-cb993228c69c,c4849c39-d9bd-4072-ba4b-d7ebc057b52d,summary,5,"[""Right level of detail"",""Easy to follow"",""Well structured"",""Pleasant voice"",""Good pronunciation""]"
abc03ff5-413a-4385-9765-85867d4fd447,2025-10-18 09:26:59.191386+00,2025-10-18 09:26:59.191386+00,66ff7fc6-afce-48fa-8e85-018e3300fe13,b50e0d58-5ac0-427a-a4de-4b387c1c05b1,summary,4,"[""Well structured""]"
abccea51-6a9c-4b8e-88ef-770f04cd1e03,2025-10-28 22:58:36.877563+00,2025-10-28 22:58:36.877563+00,4813f5f6-c7e7-4cf2-af3a-47d3f3688d5c,2b596717-2692-44b6-a768-5339499c4490,summary,5,[]
ac6e8f5d-2c2f-4443-aec9-0b65f901fba3,2025-09-28 08:07:14.825353+00,2025-09-28 08:07:14.825353+00,11d5ec38-520e-461b-8226-eddbf3be7dc7,2d242a27-75b5-4952-97fa-b30437cef044,summary,5,[]
ac8537ee-ef43-4301-bd81-f0fa9911ce96,2025-09-27 15:07:28.340355+00,2025-09-27 15:07:28.340355+00,55bb4a50-8e9f-4faa-a309-8e0559c04d61,a3a943ba-0df0-4645-9019-a05abdd2b030,summary,5,"[""Easy to follow""]"
acabbbfe-08fe-4299-bb46-bc85dd5b6348,2025-09-27 08:40:52.763584+00,2025-09-27 08:40:52.763584+00,43e2cbf1-c57c-49e4-af7e-aba56f46cf40,2610c709-8108-4e18-aca5-a71b6e8e9fc3,summary,5,"[""Right level of detail"",""Good pronunciation"",""Well structured"",""Pleasant voice""]"
acdc7671-9d57-4c58-985c-76d5dc01a1b0,2025-09-27 15:07:28.359851+00,2025-09-27 15:07:28.359851+00,cd87b68d-81af-410f-a44f-e451355e25ab,a3a943ba-0df0-4645-9019-a05abdd2b030,summary,5,"[""Easy to follow""]"
ad20dc2c-cb7b-4ace-b87a-4869d0916297,2025-10-12 13:34:22.265307+00,2025-10-12 13:34:22.265307+00,8984f475-91e0-48ac-baca-35d7ec755c9c,c4849c39-d9bd-4072-ba4b-d7ebc057b52d,summary,5,"[""Right level of detail"",""Easy to follow"",""Good pronunciation"",""Pleasant voice"",""Well structured""]"
af3498db-cef3-4ed2-ad20-614872e770ea,2025-10-01 04:58:22.129164+00,2025-10-01 04:58:22.129164+00,f968dc8d-b41e-4898-b840-9d116423b0c3,9181b76c-67a9-4328-9632-3315cfc0b427,summary,4,"[""Right level of detail""]"
b096cbe5-873c-401f-bfae-1e13338504eb,2025-10-01 02:40:12.070184+00,2025-10-01 02:40:12.070184+00,2f2af87b-1a51-4ae9-885c-39765dce0af8,701daffb-6b59-4b3d-a957-27cc4ecf302a,summary,5,"[""Well structured""]"
b1b1b2ce-766a-48c5-848f-0ead7813ce8b,2025-10-02 14:18:38.980492+00,2025-10-02 14:18:38.980492+00,c34131ce-8b1c-41c3-8a6d-eeca5865f693,2b596717-2692-44b6-a768-5339499c4490,summary,5,[]
b221f23b-6926-4273-b4c2-9edc946176e4,2025-09-27 17:00:38.385984+00,2025-09-27 17:00:38.385984+00,3bcbc50f-2a8f-40d0-b4b8-3779bd5d3c21,701daffb-6b59-4b3d-a957-27cc4ecf302a,summary,5,[]
b406c5a5-495b-477d-ba9a-4cd1a5ac7f2f,2025-10-03 05:50:45.851513+00,2025-10-03 05:50:45.851513+00,00912375-28ea-422f-b0e2-dfa87cc2ef6d,2b596717-2692-44b6-a768-5339499c4490,summary,5,"[""Right level of detail"",""Good pronunciation"",""Pleasant voice"",""Easy to follow"",""Well structured""]"
b4edd48f-13dc-4cab-8ebf-f70340ae149c,2025-09-30 03:45:22.526179+00,2025-09-30 03:45:22.526179+00,a151f3f1-eb05-47d2-907d-811a582c7b25,89354efe-b8bc-477a-b9ba-74a8e5c6a7a1,summary,4,[]
b4f8ad8f-b69a-435a-a51c-c53689d4f165,2025-10-16 08:02:06.402712+00,2025-10-16 08:02:06.402712+00,7e62eb39-5545-4ee8-b033-b31ca0c2bb97,16d1baef-8193-4e05-a831-6e389afc66d4,summary,4,[]
b55b0573-b20c-452c-aeb0-2bf8ec65c7f1,2025-10-17 18:40:45.557254+00,2025-10-17 18:40:45.557254+00,869c6912-1df9-48dc-9f1a-1ae717c3ee98,2b596717-2692-44b6-a768-5339499c4490,summary,4,[]
b68c1e4b-e9a7-4a3e-b458-6d903d23a819,2025-10-01 06:49:04.087386+00,2025-10-01 06:49:04.087386+00,31b159d0-a0c5-462e-8f9b-9c5214282dc7,c4849c39-d9bd-4072-ba4b-d7ebc057b52d,summary,5,[]
b77d85b7-50a3-4de0-93e7-1dcdb69ca760,2025-09-28 05:38:14.732646+00,2025-09-28 05:38:14.732646+00,7f6d03cb-e5a8-4ad0-b12c-eaa8becf30c2,43a719d1-b700-44c8-8176-695050ce0287,summary,5,"[""Pleasant voice"",""Good pronunciation"",""Easy to follow"",""Right level of detail""]"
b83875a8-8e52-4c4a-a66b-3a4270063cd8,2025-10-03 16:43:05.806487+00,2025-10-03 16:43:05.806487+00,f96f4b0e-b706-4aae-bd69-1092999cf11d,c4849c39-d9bd-4072-ba4b-d7ebc057b52d,summary,5,[]
b944df72-ee9f-4d44-bf67-dbb68c1c1db1,2025-09-27 08:41:06.352254+00,2025-09-27 08:41:06.352254+00,43e2cbf1-c57c-49e4-af7e-aba56f46cf40,2610c709-8108-4e18-aca5-a71b6e8e9fc3,summary,5,"[""Right level of detail"",""Good pronunciation"",""Well structured"",""Pleasant voice""]"
ba27fadf-fb4e-4147-a2a7-31a96c24f2dd,2025-09-28 16:18:15.398139+00,2025-09-28 16:18:15.398139+00,50a6a4b4-d961-4a17-baa3-e4052fc404a2,b50e0d58-5ac0-427a-a4de-4b387c1c05b1,summary,5,"[""Well structured""]"
bb87d653-0e8b-49f7-b235-70ed6fa514f1,2025-10-02 06:35:33.086899+00,2025-10-02 06:35:33.086899+00,d9e08100-5873-4947-b2e0-5f2c7c9a9c07,50355a21-c43a-43a8-a8c3-98a4fc94eb57,summary,4,"[""Pleasant voice""]"
bba81bf7-86b9-4e2a-a9cb-f948e8304460,2025-09-29 06:37:32.646011+00,2025-09-29 06:37:32.646011+00,22013dce-42c3-4c18-889f-0ad995dc045e,43a719d1-b700-44c8-8176-695050ce0287,summary,5,"[""Well structured""]"
bbf51d6b-5aa5-4b5c-a10a-34779839b4a9,2025-10-19 04:14:02.716504+00,2025-10-19 04:14:02.716504+00,c53526da-1139-4d14-bf5f-be7b7354f82d,4e9f1799-8847-4fe5-9310-d01ffe5dd2c0,summary,5,[]
bcb01428-22fa-4560-812d-d5478ea50087,2025-09-27 08:41:06.221309+00,2025-09-27 08:41:06.221309+00,43e2cbf1-c57c-49e4-af7e-aba56f46cf40,2610c709-8108-4e18-aca5-a71b6e8e9fc3,summary,5,"[""Right level of detail"",""Good pronunciation"",""Well structured"",""Pleasant voice""]"
bcf553e5-7540-4d19-868a-166f7349e093,2025-09-30 04:02:50.595757+00,2025-09-30 04:02:50.595757+00,432d579f-7c9a-4364-9eb2-d86579c42dbc,4e9f1799-8847-4fe5-9310-d01ffe5dd2c0,summary,5,[]
beaef5d1-89f4-4fc9-94c2-dda59aab20e4,2025-10-03 00:48:42.138316+00,2025-10-03 00:48:42.138316+00,86faa717-4644-47fc-ace2-dc18aa4cbdc2,2b596717-2692-44b6-a768-5339499c4490,summary,5,"[""Others: The words are getting absorbed within heart""]"
bf77698e-555f-4bd9-8558-1df5dc098c1a,2025-10-04 12:58:34.230645+00,2025-10-04 12:58:34.230645+00,253b1368-e5a5-4868-a729-1f49d12b4518,c4849c39-d9bd-4072-ba4b-d7ebc057b52d,summary,4,[]
bf8ffdd9-c40e-4f72-93ed-62f542efa687,2025-09-30 03:34:19.538211+00,2025-09-30 03:34:19.538211+00,36a20ca0-ce58-49e4-b316-44d060d5bd93,43a719d1-b700-44c8-8176-695050ce0287,summary,5,[]
c0e7dcfa-61b5-43e3-bf62-53a28886f2ca,2025-09-30 01:58:55.166656+00,2025-09-30 01:58:55.166656+00,432d579f-7c9a-4364-9eb2-d86579c42dbc,2b596717-2692-44b6-a768-5339499c4490,summary,5,[]
c1c7b189-e91b-4972-b1ea-8dd4bbe71060,2025-10-08 09:58:43.19217+00,2025-10-08 09:58:43.19217+00,6e3da7f5-363f-4a2a-acba-ded7d011cb37,aec0c8f9-b75a-4edc-8e60-dd7b9e92bcea,summary,4,"[""Right level of detail"",""Easy to follow"",""Good pronunciation"",""Well structured""]"
c2a761be-6bf3-40d1-b01d-105ec33b0997,2025-10-16 20:25:18.244695+00,2025-10-16 20:25:18.244695+00,0767b701-68ca-46ac-904a-dd15f10cedab,2610c709-8108-4e18-aca5-a71b6e8e9fc3,summary,5,[]
c2ab91c7-8e28-41ae-9eb9-20c479cc2f60,2025-10-16 08:02:07.81721+00,2025-10-16 08:02:07.81721+00,7e62eb39-5545-4ee8-b033-b31ca0c2bb97,16d1baef-8193-4e05-a831-6e389afc66d4,summary,4,[]
c5157b77-ca20-4b57-81c8-ecedf108db8c,2025-10-23 09:58:54.007139+00,2025-10-23 09:58:54.007139+00,94071b50-1c8b-44d9-b448-7bdfd3c80f04,c4849c39-d9bd-4072-ba4b-d7ebc057b52d,summary,5,[]
c5b21abc-0328-4d51-8f24-ec65e50a2d83,2025-10-01 16:46:27.223435+00,2025-10-01 16:46:27.223435+00,c977ed2f-819e-4ade-a099-cf79bcf4b373,2b596717-2692-44b6-a768-5339499c4490,summary,5,"[""Right level of detail""]"
c5b8b34e-d519-4dee-b66a-898c62b8a606,2025-10-16 08:02:07.294573+00,2025-10-16 08:02:07.294573+00,7e62eb39-5545-4ee8-b033-b31ca0c2bb97,16d1baef-8193-4e05-a831-6e389afc66d4,summary,4,[]
c7675b3a-9f58-40d8-be2c-494c3e5ac92a,2025-09-28 11:20:13.730793+00,2025-09-28 11:20:13.730793+00,cec22eea-2f00-44ab-b5b1-f506aa461db5,43a719d1-b700-44c8-8176-695050ce0287,summary,5,[]
c76ffbf2-b3a9-4b57-b453-c02f45f0ca22,2025-10-12 10:09:06.719771+00,2025-10-12 10:09:06.719771+00,5378be5c-7d19-4f80-8ab9-f8ae2e68df60,43a719d1-b700-44c8-8176-695050ce0287,summary,5,"[""Well structured""]"
c7d93ad2-5f55-4949-a03f-13afa94b59ce,2025-10-01 03:34:22.752272+00,2025-10-01 03:34:22.752272+00,5b2d4da2-f5a3-44e6-b574-0340f4cace32,43a719d1-b700-44c8-8176-695050ce0287,summary,5,"[""Easy to follow""]"
c87e52eb-6288-421e-96e0-0934b8088650,2025-10-02 08:15:41.198036+00,2025-10-02 08:15:41.198036+00,65b125e0-82a2-42c5-b67b-115682f091f3,b50e0d58-5ac0-427a-a4de-4b387c1c05b1,summary,5,[]
c8b0d107-02ae-4aef-8603-2b3f962470e6,2025-09-27 14:44:20.364116+00,2025-09-27 14:44:20.364116+00,4983351d-faae-4252-90b2-521ebf21bbba,2d242a27-75b5-4952-97fa-b30437cef044,summary,4,"[""Right level of detail"",""Well structured"",""Easy to follow"",""Good pronunciation""]"
c9af3a6f-fdcb-4acb-a8d8-65af5f9217f8,2025-10-05 05:24:14.338243+00,2025-10-05 05:24:14.338243+00,3841d47b-36bf-40fa-a96e-7527c211c667,2b596717-2692-44b6-a768-5339499c4490,summary,4,[]
c9e1b1ff-417e-4c9d-b6cb-8ac9d07390a9,2025-09-26 21:52:30.67999+00,2025-09-26 21:52:30.67999+00,bef3fd08-62c7-4d53-a888-bf2187bc4e95,b50e0d58-5ac0-427a-a4de-4b387c1c05b1,summary,3,"[""It's confusing or unclear"",""Others: Ok.""]"
c9f33b3d-6389-4bde-8532-fa0a955a6431,2025-10-14 11:24:41.539253+00,2025-10-14 11:24:41.539253+00,9a944fd7-8f14-4311-8e23-bd4535edb783,2b596717-2692-44b6-a768-5339499c4490,summary,5,[]
cc2f54e1-2bc6-471f-8b5b-9553f1ff660f,2025-10-05 03:32:15.43871+00,2025-10-05 03:32:15.43871+00,b0277fec-ded5-40e0-bd26-8539430691d9,c725d17c-04cd-4ebb-afb4-2445b97f84cc,summary,5,[]
cc64701c-2f63-4bd5-bcf8-a7cdea2d2ca8,2025-09-28 09:22:30.401803+00,2025-09-28 09:22:30.401803+00,7fd0bf01-c01e-4090-804d-e563c9c3eb86,c4849c39-d9bd-4072-ba4b-d7ebc057b52d,summary,5,[]
cce0cc6e-e787-4d15-adbf-c188d1a457c5,2025-10-08 09:34:36.356431+00,2025-10-08 09:34:36.356431+00,9eb17b17-c607-4157-a142-d7ff373bcac4,2b596717-2692-44b6-a768-5339499c4490,summary,4,"[""Right level of detail"",""Easy to follow"",""Good pronunciation"",""Well structured""]"
ccf3f42a-3426-411d-8f4d-c830e21624e3,2025-10-02 11:39:47.105961+00,2025-10-02 11:39:47.105961+00,8984f475-91e0-48ac-baca-35d7ec755c9c,c4849c39-d9bd-4072-ba4b-d7ebc057b52d,summary,5,"[""Right level of detail"",""Easy to follow"",""Good pronunciation"",""Pleasant voice"",""Well structured""]"
cd76271b-18ea-4801-ab51-ac98f138aca6,2025-10-22 14:36:44.88638+00,2025-10-22 14:36:44.88638+00,4392ad5d-0c72-49c3-8a71-71476fa7b1c6,b50e0d58-5ac0-427a-a4de-4b387c1c05b1,summary,5,"[""Right level of detail"",""Easy to follow"",""Well structured"",""Good pronunciation"",""Pleasant voice""]"
cfd73b19-1f60-4ef8-a221-86261086a949,2025-10-05 10:17:14.856072+00,2025-10-05 10:17:14.856072+00,405cb644-7091-4101-87a9-2e76f05bd366,2b596717-2692-44b6-a768-5339499c4490,summary,3,[]
d0b333bb-ff56-4381-9474-036c03af481d,2025-10-19 04:35:41.805152+00,2025-10-19 04:35:41.805152+00,c53526da-1139-4d14-bf5f-be7b7354f82d,50355a21-c43a-43a8-a8c3-98a4fc94eb57,summary,5,[]
d0cea009-b1ef-446f-b9ff-a29e215b1bcc,2025-09-29 22:05:53.18268+00,2025-09-29 22:05:53.18268+00,52094fce-bee7-4a54-be80-f4c3b940efb1,a3a943ba-0df0-4645-9019-a05abdd2b030,summary,5,"[""Well structured""]"
d148ca24-4d1f-47d0-b2b8-376384493535,2025-09-29 16:20:44.882293+00,2025-09-29 16:20:44.882293+00,c977ed2f-819e-4ade-a099-cf79bcf4b373,e3d7dfe2-ad6c-4b4c-a501-986c05dd9ad3,summary,5,"[""Right level of detail""]"
d16c0e99-c3c8-446e-b78d-262d253c0b7d,2025-10-03 04:15:23.319449+00,2025-10-03 04:15:23.319449+00,e655f842-6a47-4716-a45d-cae3a4145e0c,701daffb-6b59-4b3d-a957-27cc4ecf302a,summary,5,[]
d1c979ab-3a62-45ab-b60f-ccae6c56c52b,2025-10-12 13:34:06.231704+00,2025-10-12 13:34:06.231704+00,8984f475-91e0-48ac-baca-35d7ec755c9c,c4849c39-d9bd-4072-ba4b-d7ebc057b52d,summary,5,"[""Easy to follow"",""Right level of detail"",""Pleasant voice"",""Well structured""]"
d23b02a2-b6d2-4331-922a-9fa4b065d1ce,2025-10-12 13:34:17.155167+00,2025-10-12 13:34:17.155167+00,8984f475-91e0-48ac-baca-35d7ec755c9c,c4849c39-d9bd-4072-ba4b-d7ebc057b52d,summary,5,"[""Easy to follow"",""Right level of detail"",""Well structured"",""Good pronunciation"",""Pleasant voice""]"
d2e376f9-b2ff-41bd-8e0d-c1684e68b593,2025-09-27 15:07:28.335406+00,2025-09-27 15:07:28.335406+00,21edae48-1329-41cc-b5f8-952d73f8ca03,a3a943ba-0df0-4645-9019-a05abdd2b030,summary,5,"[""Easy to follow""]"
d2ff647d-c1d9-493c-8cca-72ea55e2647e,2025-09-27 08:41:21.688869+00,2025-09-27 08:41:21.688869+00,43e2cbf1-c57c-49e4-af7e-aba56f46cf40,2610c709-8108-4e18-aca5-a71b6e8e9fc3,summary,5,"[""Right level of detail"",""Good pronunciation"",""Well structured"",""Pleasant voice"",""Easy to follow"",""Others: great experience ""]"
d370abdc-af2b-4ba6-99ca-5470f9804a8b,2025-09-30 07:43:28.773659+00,2025-09-30 07:43:28.773659+00,c057c783-715d-4f25-b552-de620e5ea1b8,43a719d1-b700-44c8-8176-695050ce0287,summary,5,"[""Well structured"",""Easy to follow"",""Right level of detail"",""Good pronunciation"",""Pleasant voice""]"
d4a336b4-a3a6-4247-b803-e7005d057d82,2025-10-19 18:48:59.854998+00,2025-10-19 18:48:59.854998+00,bdf509ef-17ee-4b7c-b8ca-fe6ba8946fc7,43a719d1-b700-44c8-8176-695050ce0287,summary,5,[]
d4e99aac-8b88-482e-91c2-362be6757d94,2025-10-18 09:41:33.421158+00,2025-10-18 09:41:33.421158+00,66ff7fc6-afce-48fa-8e85-018e3300fe13,f33c7ac5-2da8-4547-908b-da3d4dbb9b26,summary,4,"[""Good pronunciation""]"
d5aa1f82-0e71-4622-b616-7c710f6cb6e7,2025-09-28 13:49:57.853761+00,2025-09-28 13:49:57.853761+00,97c6bc43-b4c1-4e1b-b422-cbf1a52a0aaf,43a719d1-b700-44c8-8176-695050ce0287,summary,5,[]
d6afaf2f-15c8-462e-92e8-e913c4687209,2025-10-04 03:16:56.79528+00,2025-10-04 03:16:56.79528+00,c4187179-4849-4f48-87f9-a0b99974a703,4e9f1799-8847-4fe5-9310-d01ffe5dd2c0,summary,5,[]
d701cc27-8547-4715-8d70-5a8cc8143aad,2025-10-04 12:58:33.897216+00,2025-10-04 12:58:33.897216+00,253b1368-e5a5-4868-a729-1f49d12b4518,c4849c39-d9bd-4072-ba4b-d7ebc057b52d,summary,4,[]
d851615d-ef67-47fc-8ede-9cd52770e73f,2025-10-13 02:54:27.985042+00,2025-10-13 02:54:27.985042+00,8984f475-91e0-48ac-baca-35d7ec755c9c,b50e0d58-5ac0-427a-a4de-4b387c1c05b1,summary,5,"[""Right level of detail"",""Easy to follow"",""Good pronunciation"",""Pleasant voice"",""Well structured""]"
d8879def-7b7e-491b-8f1f-beb94a955348,2025-10-06 02:49:26.214718+00,2025-10-06 02:49:26.214718+00,2da50b96-86e5-42a9-bfae-0bee19cc33e7,2b596717-2692-44b6-a768-5339499c4490,summary,5,[]
dbd7968c-8dff-45b8-ae23-87c8da8e13d5,2025-10-02 12:39:34.961925+00,2025-10-02 12:39:34.961925+00,32df44cf-2066-4df1-8b78-1bba965b98e6,c4849c39-d9bd-4072-ba4b-d7ebc057b52d,summary,5,"[""Easy to follow""]"
dd0dc5f9-a925-47a3-993b-45c5b6797027,2025-09-27 08:40:50.391931+00,2025-09-27 08:40:50.391931+00,43e2cbf1-c57c-49e4-af7e-aba56f46cf40,2610c709-8108-4e18-aca5-a71b6e8e9fc3,summary,5,"[""Right level of detail"",""Good pronunciation"",""Well structured"",""Pleasant voice""]"
dd3ae8d4-5b50-43bd-8b18-a286b698f446,2025-10-26 01:50:31.390374+00,2025-10-26 01:50:31.390374+00,c4e9446e-488e-45f5-b39a-414620f94fa7,a3a943ba-0df0-4645-9019-a05abdd2b030,summary,5,"[""Easy to follow"",""Good pronunciation"",""Pleasant voice"",""Well structured""]"
df9252b2-9c91-43ab-8691-3eaab902d82a,2025-09-29 06:37:34.680228+00,2025-09-29 06:37:34.680228+00,22013dce-42c3-4c18-889f-0ad995dc045e,43a719d1-b700-44c8-8176-695050ce0287,summary,5,"[""Well structured""]"
e0077e38-20e7-42f4-9873-78334c6b40f7,2025-10-27 12:34:32.90925+00,2025-10-27 12:34:32.90925+00,d007496a-9f4f-46ec-b40d-dd821a815bb6,e3d7dfe2-ad6c-4b4c-a501-986c05dd9ad3,summary,5,"[""Good pronunciation"",""Pleasant voice"",""Easy to follow"",""Well structured""]"
e01b8fa0-802e-43c3-82fa-fdf180cf72ec,2025-10-02 01:45:46.101952+00,2025-10-02 01:45:46.101952+00,8984f475-91e0-48ac-baca-35d7ec755c9c,c4849c39-d9bd-4072-ba4b-d7ebc057b52d,summary,5,"[""Right level of detail"",""Easy to follow"",""Good pronunciation"",""Pleasant voice"",""Well structured""]"
e05a1898-98c7-428d-9567-bd04b4872879,2025-10-12 20:48:42.358026+00,2025-10-12 20:48:42.358026+00,4c549300-8bac-484c-9e8d-b69e44f63c9b,c4849c39-d9bd-4072-ba4b-d7ebc057b52d,summary,4,[]
e096c8d2-f300-4dc4-bb7c-66ada7f7ce7e,2025-10-03 05:54:09.408681+00,2025-10-03 05:54:09.408681+00,1e72d21c-7fb0-4971-a8c3-c29e80325739,2b596717-2692-44b6-a768-5339499c4490,summary,5,[]
e6daedff-b85b-4669-b90d-0ea6c89bfad3,2025-09-30 04:02:50.083977+00,2025-09-30 04:02:50.083977+00,432d579f-7c9a-4364-9eb2-d86579c42dbc,4e9f1799-8847-4fe5-9310-d01ffe5dd2c0,summary,5,[]
e710ba73-1fbe-4190-9073-d9600e309495,2025-09-30 04:27:41.370616+00,2025-09-30 04:27:41.370616+00,618d5fb1-ffed-4ab2-9fc2-24fc28e909c9,aec0c8f9-b75a-4edc-8e60-dd7b9e92bcea,summary,5,"[""Easy to follow""]"
e8f9a6b1-ea72-4bdb-bf4d-a4ba142ead77,2025-10-02 03:50:18.077021+00,2025-10-02 03:50:18.077021+00,0b514ac3-de5b-4c48-afcf-f7c4bf4020e5,43a719d1-b700-44c8-8176-695050ce0287,summary,5,"[""Right level of detail""]"
e9803ee4-6b06-4b3f-819f-29872446745e,2025-10-17 03:11:41.47656+00,2025-10-17 03:11:41.47656+00,9a5d6755-5a4a-4535-893a-abb646f217d2,2b596717-2692-44b6-a768-5339499c4490,summary,5,[]
ea5a2cef-b229-473b-aa86-25001f925f8b,2025-10-12 16:31:51.576389+00,2025-10-12 16:31:51.576389+00,e94fe0be-b3d3-481c-ad36-a78275888e1d,b50e0d58-5ac0-427a-a4de-4b387c1c05b1,summary,5,"[""Well structured"",""Good pronunciation"",""Right level of detail"",""Easy to follow"",""Pleasant voice""]"
eaaf7c92-cc86-436d-867c-a0c0ccac29b5,2025-09-28 10:56:06.062255+00,2025-09-28 10:56:06.062255+00,2c3ea2b9-f142-4799-a5c1-c01678dc96e7,b50e0d58-5ac0-427a-a4de-4b387c1c05b1,summary,5,"[""Easy to follow"",""Well structured""]"
eaebe85b-7e92-47a1-a555-7a1c80f6cdcd,2025-09-29 15:45:45.793292+00,2025-09-29 15:45:45.793292+00,c977ed2f-819e-4ade-a099-cf79bcf4b373,c4849c39-d9bd-4072-ba4b-d7ebc057b52d,summary,5,"[""Right level of detail""]"
edfa9907-cb2e-40de-8409-45091a1cd33f,2025-09-29 22:05:53.172844+00,2025-09-29 22:05:53.172844+00,08f9d8e7-18e7-4391-b2c2-48836570c3f6,a3a943ba-0df0-4645-9019-a05abdd2b030,summary,5,"[""Well structured""]"
ee4b271c-6bbb-423e-a5e9-9533ae7af1ba,2025-09-30 03:45:22.769903+00,2025-09-30 03:45:22.769903+00,a151f3f1-eb05-47d2-907d-811a582c7b25,89354efe-b8bc-477a-b9ba-74a8e5c6a7a1,summary,4,[]
f028e4bf-747c-4b6d-96bf-0a4aefc8a137,2025-09-27 08:41:06.348033+00,2025-09-27 08:41:06.348033+00,43e2cbf1-c57c-49e4-af7e-aba56f46cf40,2610c709-8108-4e18-aca5-a71b6e8e9fc3,summary,5,"[""Right level of detail"",""Good pronunciation"",""Well structured"",""Pleasant voice""]"
f05debd5-29d3-4076-86a4-66d878e3f786,2025-10-01 04:08:15.866743+00,2025-10-01 04:08:15.866743+00,a0ddde7a-6128-4b0b-bc9d-269e538154c0,c4849c39-d9bd-4072-ba4b-d7ebc057b52d,summary,5,"[""Easy to follow""]"
f1de3368-e6d2-4f40-87cd-022763dc3423,2025-09-30 02:39:17.262354+00,2025-09-30 02:39:17.262354+00,2f2af87b-1a51-4ae9-885c-39765dce0af8,701daffb-6b59-4b3d-a957-27cc4ecf302a,summary,5,"[""Well structured""]"
f24cf8f2-8c26-457e-8f5c-83c02a0acb73,2025-10-15 02:29:21.895804+00,2025-10-15 02:29:21.895804+00,53f83cb1-cdb9-49b6-82cd-2a480c803d01,7ea24f8e-ccaf-4881-9231-b0c9597ad808,summary,5,"[""Right level of detail""]"
f3a62e15-4eda-4d73-aff3-64375d3e2f8c,2025-09-29 03:34:37.56782+00,2025-09-29 03:34:37.56782+00,9436c1c7-84b0-4fca-9de2-faa4f43840f6,fc504004-08f5-429a-9693-5b93a8f95015,summary,4,[]
f5a8546b-b509-4002-8651-d3e574941e3e,2025-10-27 19:20:46.112376+00,2025-10-27 19:20:46.112376+00,d5b76dab-ce8c-413d-8985-34c9a3d308db,09e639ce-3634-416f-bfea-be3e8d9e7875,summary,4,[]
f6bc01d8-c6bf-4bfc-9322-9d158cd3baa0,2025-10-16 08:02:02.707041+00,2025-10-16 08:02:02.707041+00,7e62eb39-5545-4ee8-b033-b31ca0c2bb97,16d1baef-8193-4e05-a831-6e389afc66d4,summary,4,[]
f7be6363-3e4d-4b40-b221-a20227c861dc,2025-09-27 08:41:21.686691+00,2025-09-27 08:41:21.686691+00,43e2cbf1-c57c-49e4-af7e-aba56f46cf40,2610c709-8108-4e18-aca5-a71b6e8e9fc3,summary,5,"[""Right level of detail"",""Good pronunciation"",""Well structured"",""Pleasant voice"",""Easy to follow"",""Others: great experience ""]"
f91bc641-42db-4a46-b455-0ad2b77d7be3,2025-10-24 02:42:40.935455+00,2025-10-24 02:42:40.935455+00,9a5d6755-5a4a-4535-893a-abb646f217d2,4e9f1799-8847-4fe5-9310-d01ffe5dd2c0,summary,5,[]
fafcd542-025b-43db-9e8f-014505a353bb,2025-10-27 13:40:24.552373+00,2025-10-27 13:40:24.552373+00,3948df33-8f19-43db-b60f-a42415c5cde0,c4849c39-d9bd-4072-ba4b-d7ebc057b52d,summary,5,"[""Well structured"",""Pleasant voice"",""Good pronunciation"",""Easy to follow"",""Right level of detail"",""Others: Hindi language are not available""]"
fb09650d-355f-42a9-bcb9-314635c5f6e0,2025-09-29 03:51:08.840306+00,2025-09-29 03:51:08.840306+00,618d5fb1-ffed-4ab2-9fc2-24fc28e909c9,f33c7ac5-2da8-4547-908b-da3d4dbb9b26,summary,5,"[""Good pronunciation"",""Pleasant voice""]"
fb9b01c3-3533-4786-860a-2f4d4bd98b90,2025-10-27 18:13:17.071059+00,2025-10-27 18:13:17.071059+00,24a0df31-5104-4e3d-baa5-2d62e32d2a93,c725d17c-04cd-4ebb-afb4-2445b97f84cc,summary,4,[]
fbd8efcb-c617-4c9f-aad8-403fc669e48c,2025-10-15 11:00:21.912251+00,2025-10-15 11:00:21.912251+00,f99b5c48-caa1-42d4-b37b-3f9cb7cca1ac,c4849c39-d9bd-4072-ba4b-d7ebc057b52d,summary,5,[]
fbde0884-0f24-4544-8af1-b2aedba7e795,2025-09-28 10:55:48.360352+00,2025-09-28 10:55:48.360352+00,2c3ea2b9-f142-4799-a5c1-c01678dc96e7,b50e0d58-5ac0-427a-a4de-4b387c1c05b1,summary,5,[]
fc53b25b-b30b-42dd-b225-54a6032e2c6d,2025-10-25 10:19:56.158667+00,2025-10-25 10:19:56.158667+00,c95047f2-a633-4698-afba-f7eceeeed34b,43a719d1-b700-44c8-8176-695050ce0287,summary,5,"[""Well structured"",""Right level of detail"",""Pleasant voice""]"
fd30c431-f8f3-4016-acb2-ebf6809e91cd,2025-09-29 03:32:28.353843+00,2025-09-29 03:32:28.353843+00,618d5fb1-ffed-4ab2-9fc2-24fc28e909c9,b05f8d22-08e0-4744-91be-6c45e684d2fa,summary,5,[]
fe746bb9-2be5-4b82-beab-baa55bd44cff,2025-10-29 00:38:29.43185+00,2025-10-29 00:38:29.43185+00,9e8b90ba-0b25-4353-a336-6c9266929f7e,aec0c8f9-b75a-4edc-8e60-dd7b9e92bcea,summary,5,"[""Well structured""]"
fef9a3cc-8170-45fa-aa7f-61d288c1fee6,2025-10-06 02:07:50.662738+00,2025-10-06 02:07:50.662738+00,8984f475-91e0-48ac-baca-35d7ec755c9c,c4849c39-d9bd-4072-ba4b-d7ebc057b52d,summary,5,"[""Easy to follow"",""Right level of detail"",""Good pronunciation"",""Pleasant voice"",""Well structured""]"
ff5b1cf3-f225-45c8-ab13-485bab8789e6,2025-10-17 03:31:36.038937+00,2025-10-17 03:31:36.038937+00,9a5d6755-5a4a-4535-893a-abb646f217d2,aec0c8f9-b75a-4edc-8e60-dd7b9e92bcea,summary,5,"[""Right level of detail""]"